keyword,region,id,user,text,created_at,source
<<<<<<< HEAD
å¹¿ä¸œå·¥ä¸šå¤§å­¦,å¹¿ä¸œ,5094184644251407,ä¸‰æ˜Ÿå“ç‰Œå­˜å‚¨,å°å‚¨ç¬¬ä¸€æ—¶é—´ä¸ºå¤§å®¶å¸¦æ¥äº†#PNL# 2024ç§‹å­£èµ›é«˜æ ¡å†³èµ›çŽ°åœºå¿«æŠ¥ï¼æ­å–œ#å¹¿ä¸œå·¥ä¸šå¤§å­¦# èŽ·å¾—å† å†›ï¼åŒæ—¶ä¹Ÿæ„Ÿè°¢#ä¸Šæµ·å·¥å•†å¤–å›½è¯­èŒä¸šå­¦é™¢#ã€#åŒ—äº¬çŸ³æ²¹åŒ–å·¥å­¦é™¢# ä¸ºæˆ‘ä»¬å¸¦æ¥äº†ç²¾å½©æ¯”èµ›ï¼ŒçŽ°åœºçƒ­è¡€æ²¸è…¾ï¼å† å†›å¾—ä¸»å’Œä½ é¢„æµ‹çš„ä¸€æ ·å—ï¼Ÿè¯„è®ºåŒºèŠèŠå§ï½ž,2024-10-27 20:22,å¾®åšç½‘é¡µç‰ˆ
å¹¿ä¸œå·¥ä¸šå¤§å­¦,å¹¿ä¸œ,5094178476265546,ä¹è€å¸ˆèŠé«˜è€ƒ,é«˜è€ƒå¿—æ„¿å¡«æŠ¥æŒ‡å—è¶…è¯  2025å¹´æ³°æ™¤å£«é«˜ç­‰æ•™è‚²ä¸–ç•Œå¤§å­¦æŽ’åäºŽ10æœˆ9æ—¥æ—¥æ­£å¼æ­æ™“ï¼Œä¸­å›½å†…åœ°æœ‰94æ‰€é«˜æ ¡ä¸Šæ¦œï¼Œå¹¿ä¸œæœ‰11æ‰€é«˜æ ¡æˆåŠŸå…¥å›´ï¼Œè¡¨çŽ°å¯åœˆå¯ç‚¹ã€‚ç¬¬ä¸€ï¼Œå—æ–¹ç§‘æŠ€å¤§å­¦ä»¥å…¶å…¨çƒæŽ’å183å’Œä¸­å›½å†…åœ°é«˜æ ¡ç¬¬13ä½çš„æˆç»©ï¼ŒåŠ›åŽ‹ä¸­å±±å¤§å­¦ï¼Œæˆä¸ºå¹¿ä¸œæŽ’åæœ€é«˜çš„å¤§å­¦ã€‚ç¬¬äºŒï¼Œä¸­å±±å¤§å­¦ä»¥å…¨çƒæŽ’åç¬¬201-250ï¼Œä¸­å›½å†…åœ°é«˜æ ¡ç¬¬17ä½æš‚å±…ç¬¬äºŒã€‚åŽå—ç†å·¥å¤§å­¦ä»¥å…¨çƒæŽ’åç¬¬250-300ä½ï¼Œä¸­å›½å†…åœ°é«˜æ ¡ç¬¬23ä½å±ˆå±…ç¬¬ä¸‰ã€‚å—æ–¹åŒ»ç§‘å¤§å­¦ä»¥å…¨çƒæŽ’åç¬¬251-300ï¼Œä¸­å›½å†…åœ°é«˜æ ¡ç¬¬24ä½ååˆ—ç¬¬å››ã€‚ç¬¬ä¸‰ï¼Œæ·±åœ³å¤§å­¦ä»¥å…¨çƒæŽ’åç¬¬351-400ä½ï¼Œä¸­å›½å†…åœ°é«˜æ ¡ç¬¬29ä½ååˆ—ç¬¬äº”ï¼ŒåŠ›åŽ‹é‡åº†å¤§å­¦ã€å¤§è¿žç†å·¥å¤§å­¦ç­‰985å¤§å­¦ï¼Œè¡¨çŽ°æžå…¶æŠ¢çœ¼ã€‚ç¬¬å››ï¼Œæš¨å—å¤§å­¦ååˆ—ä¸­å›½å†…åœ°é«˜æ ¡ç¬¬37ä½ï¼Œå¹¿ä¸œå·¥ä¸šå¤§å­¦ååˆ—ä¸­å›½å†…åœ°é«˜æ ¡ç¬¬44ä½ï¼Œå¹¿å·žå¤§å­¦ååˆ—ä¸­å›½å†…åœ°é«˜æ ¡ç¬¬45ä½ã€‚è¿™ä¸‰æ‰€é«˜æ ¡çš„æŽ’åç”šè‡³è¶…è¶Šæ±Ÿå—å¤§å­¦ã€å—äº¬èˆªç©ºèˆªå¤©å¤§å­¦å’Œä¸œåŒ—å¤§å­¦ã€‚ç¬¬äº”ï¼ŒåŒæ ·è¡¨çŽ°ä¸ä¿—çš„è¿˜æœ‰åŽå—å¸ˆèŒƒå¤§å­¦ã€å¹¿å·žåŒ»ç§‘å¤§å­¦å’Œæ±•å¤´å¤§å­¦ï¼Œä»¤äººæ„å¤–çš„æ˜¯åŽå—å†œä¸šå¤§å­¦ç«Ÿç„¶æ¦œä¸Šæ— åã€‚,2024-10-27 19:57,é«˜è€ƒå¿—æ„¿å¡«æŠ¥æŒ‡å—è¶…è¯
å¹¿ä¸œå·¥ä¸šå¤§å­¦,å¹¿ä¸œ,5094135549399347,å¹¿å·¥è®¡ç®—æœºå­¦é™¢å­¦ç”Ÿä¼š,#æœ‰ä¸ºé’å¹´çœ‹å¹¿ä¸œ# #æœ‰ä¸ºé’å¹´æ•¢äºŽçƒ­çˆ±# ç¤¾åŒºé‡Œçš„è‰åªéŸ³ä¹ä¼šðŸŽ¼ä¸“å±žäºŽå¤§å­¦ç”Ÿçš„æ´»åŠ›ä¸Žæ¿€æƒ…â¤ï¸â€ðŸ”¥æµªæ¼«ä¸ŽçœŸæŒšä»Šå¤œï¼Œé€æ¢¦æ˜Ÿç¹ï½žä¸ƒåäº”è½½â€œéŸ³â€ä½ é—ªè€€ï¼Œæ—¶å…‰â€œè®¡â€å¿†å¼€æ–°å¯èˆªå¹¿ä¸œå·¥ä¸šå¤§å­¦è®¡ç®—æœºå­¦é™¢è¿Žæ–°å­£ç¤¾åŒºè‰åªéŸ³ä¹ä¼šåœ†æ»¡è½å¹•ï¼ 2å¹¿å·žÂ·å¹¿ä¸œå·¥ä¸šå¤§å­¦å¤§å­¦åŸŽ(æ ¡åŒº)å·¥å­¦1å·é¦†,2024-10-27 17:07,iPhoneå®¢æˆ·ç«¯
å¹¿ä¸œå·¥ä¸šå¤§å­¦,å¹¿ä¸œ,5094133448053101,è‰èŽ“ç«é¾™æžœèŠ’æžœ,#PNL# 2024ç§‹å­£èµ›é«˜æ ¡å†³èµ›å³å°†ä¸Šæ¼”ï¼Œ#ä¸Šæµ·å·¥å•†å¤–å›½è¯­èŒä¸šå­¦é™¢# ã€#å¹¿ä¸œå·¥ä¸šå¤§å­¦# ã€#åŒ—äº¬çŸ³æ²¹åŒ–å·¥å­¦é™¢# å°†åœ¨10æœˆ27æ—¥çº¿ä¸‹å±•å¼€ç²¾å½©å¯¹å†³ï¼ŒçŽ°åœºæ´»åŠ¨æŠ½å¥–é€å¤§ç¤¼ï¼ä¸‰æ˜Ÿå“ç‰Œå­˜å‚¨åŠ©åŠ›PNLç«žè‡´å·…å³°ï¼è¿›æ¥äº†è§£æ›´å¤š~è¯„è®ºåŒºçŒœçŒœå“ªåªé«˜æ ¡æˆ˜é˜Ÿå°†èŽ·å¾—å† å†›å‘¢ï¼Ÿæˆ‘ä»¬å°†ä»ŽçŒœä¸­çš„ç²‰ä¸ä¸­æŠ½å–3åï¼Œå„é€å‡ºäº¬ä¸œeå¡ï¼ˆä»·å€¼50å…ƒï¼‰ä¸€å¼ ï¼,2024-10-27 16:58,Redmi K60
å¹¿ä¸œå·¥ä¸šå¤§å­¦,å¹¿ä¸œ,5094129802938589,CSGO,CSGOè¶…è¯#pnl# 2024ç§‹å­£èµ›é«˜æ ¡å†³èµ›æ­£åœ¨è¿›è¡Œä¸­ï¼Œæœ€ç»ˆå† å†›å°†åœ¨å¹¿ä¸œå·¥ä¸šå¤§å­¦å’ŒåŒ—äº¬çŸ³æ²¹åŒ–å·¥å­¦é™¢ä¸­å†³å‡ºï¼æ¯”èµ›æ­£åœ¨ä¸Šæµ·å®Œç¾Žç”µç«žä¸­å¿ƒè¿›è¡Œï¼Œå…¨ç¨‹å°†åœ¨å„ç›´æ’­å¹³å°æ’­å‡ºï¼è¯¦æƒ…å…³æ³¨å®˜ç½‘ï¼šOç½‘é¡µé“¾æŽ¥ ç‰¹åˆ«é¸£è°¢èµžåŠ©å•†NVIDIAã€ä¸‰æ˜Ÿå“ç‰Œå­˜å‚¨ã€AGONã€ROGçš„å¤§åŠ›æ”¯æŒ,2024-10-27 16:44,CSGOè¶…è¯
å¹¿ä¸œå·¥ä¸šå¤§å­¦,å¹¿ä¸œ,5094106800064094,è†æ™šé£Žå›žéŸ³x,å¹¿ä¸œå·¥ä¸šå¤§å­¦æ–°ç”Ÿè§é¢ä¼šåœ†æ»¡ç»“æŸå•¦ï¼çŽ°åœºå¥½å—¨å¥½å¥½çŽ©ï¼æ™šä¸Šçš„éŸ³ä¹ä¼šå¥½æœ‰æ°›å›´#æœ‰ä¸ºé’å¹´æ•¢äºŽçƒ­çˆ±##å½“ä»£å¹¿ä¸œå¤§å­¦ç”Ÿæœ‰å¤šä¼šçŽ©##æœ‰ä¸ºé’å¹´çœ‹å¹¿ä¸œ#,2024-10-27 15:12,iPhoneå®¢æˆ·ç«¯
å¹¿ä¸œå·¥ä¸šå¤§å­¦,å¹¿ä¸œ,5094001991223083,ä¹è€å¸ˆèŠé«˜è€ƒ,é«˜è€ƒå¿—æ„¿å¡«æŠ¥æŒ‡å—è¶…è¯  ç»å¸¸æœ‰äººé—®èµ·ï¼Œä¸­å¤–åˆä½œåŠžå­¦ä¸“ä¸šçš„å­¦ç”Ÿï¼Œæœ‰æ²¡æœ‰æœºä¼šèŽ·å¾—ä¿ç ”èµ„æ ¼ï¼Ÿå½“ç„¶æœ‰ã€‚9æœˆ25æ—¥ï¼Œå¹¿ä¸œå·¥ä¸šå¤§å­¦ç ”ç©¶ç”Ÿé™¢å‘å¸ƒ2025å±Šæœ¬ç§‘æ¯•ä¸šç”ŸæŽ¨å…åå•ï¼Œå›½é™…æ•™è‚²å­¦é™¢ï¼ˆå›½é™…ç­ï¼‰å…±è®¡æœ‰11ååŒå­¦å…¥é€‰ã€‚ç›¸è¾ƒäºŽå¾€å¹´åªæœ‰ä¸ªä½æ•°åŒå­¦ä¿ç ”ï¼Œä»Šå¹´æŽ¨å…äººæ•°è¾ƒåŽ»å¹´æœ‰æ˜Žæ˜¾æå‡ã€‚,2024-10-27 08:16,é«˜è€ƒå¿—æ„¿å¡«æŠ¥æŒ‡å—è¶…è¯
å¹¿ä¸œå·¥ä¸šå¤§å­¦,å¹¿ä¸œ,5094001747166979,ä¹è€å¸ˆèŠé«˜è€ƒ,é«˜è€ƒå¿—æ„¿å¡«æŠ¥æŒ‡å—è¶…è¯  å¹¿å·¥æ­é˜³æ ¡åŒºå³å°†è¿Žæ¥é¦–å±Šæ¯•ä¸šç”Ÿï¼Œæœ‰å¤šå°‘å­¦ç”ŸèŽ·å¾—ä¿ç ”èµ„æ ¼ï¼Ÿè¿‘æ—¥ï¼Œå¹¿ä¸œå·¥ä¸šå¤§å­¦å‘å¸ƒ2025å±Šæœ¬ç§‘æ¯•ä¸šç”ŸæŽ¨å…åå•ï¼Œæ­é˜³æ ¡åŒºï¼ˆå…ˆè¿›åˆ¶é€ å­¦é™¢ï¼‰æ€»è®¡æœ‰23ååŒå­¦å…¥é€‰ï¼Œç›¸è¾ƒäºŽ2021å±Šæœ¬ç§‘ç”Ÿäººæ•°700äººï¼ŒæŽ¨å…æ¯”çŽ‡è¾¾åˆ°3.29%ã€‚ç•¥ä½ŽäºŽå­¦æ ¡æ•´ä½“æŽ¨å…çŽ‡ï¼ˆåŽ»å¹´æŽ¨å…çŽ‡å¤§çº¦4%å¤šï¼‰ã€‚,2024-10-27 08:15,é«˜è€ƒå¿—æ„¿å¡«æŠ¥æŒ‡å—è¶…è¯
å¹¿ä¸œå·¥ä¸šå¤§å­¦,å¹¿ä¸œ,5093879899227956,æœ±æ±‰æ–Œ,#å¹¿ä¸œå‘æ–°#å¹¿ä¸œå·¥ä¸šå¤§å­¦æˆä¸ºå…¨çƒä½Žç¢³å†¶é‡‘åˆ›æ–°è”ç›Ÿæˆå‘˜10æœˆ23æ—¥ï¼Œ2024å¹´å…¨çƒä½Žç¢³å†¶é‡‘åˆ›æ–°è”ç›Ÿå¹´åº¦å·¥ä½œä¼šè®®åœ¨ä¸Šæµ·å¬å¼€ã€‚ä¼šè®®å®¡è®®é€šè¿‡äº†å¹¿ä¸œå·¥ä¸šå¤§å­¦ï¼ˆç®€ç§°å¹¿å·¥ï¼‰å’Œå†¶é‡‘å·¥ä¸šä¿¡æ¯æ ‡å‡†ç ”ç©¶é™¢2å®¶å•ä½åŠ å…¥è”ç›Ÿçš„ç”³è¯·ã€‚å¹¿å·¥å…šå§”å¸¸å§”ã€å‰¯æ ¡é•¿é²ä»å…¨å‚åŠ ä¼šè®®å¹¶å‘è¨€ã€‚ Oç½‘é¡µé“¾æŽ¥,2024-10-27 00:11,å¾®åšç½‘é¡µç‰ˆ
å¹¿ä¸œå·¥ä¸šå¤§å­¦,å¹¿ä¸œ,5093877247905866,ITBEARç§‘æŠ€èµ„è®¯,è…¾è®¯ä¸Žä¸­å›½å¤§ç†ŠçŒ«ä¿æŠ¤ç ”ç©¶ä¸­å¿ƒåŠå¹¿ä¸œå·¥ä¸šå¤§å­¦åˆä½œï¼Œç ”å‘å‡ºå…¨çƒé¦–ä¸ªå¤§ç†ŠçŒ«è¡Œä¸ºæ™ºèƒ½è¯†åˆ«æ¨¡åž‹ã€‚è¯¥æ¨¡åž‹èƒ½è¯†åˆ«å¤§ç†ŠçŒ«å¤šç§è¡Œä¸ºï¼Œå¹¶ç”Ÿæˆæ•°æ®æŠ¥è¡¨ï¼Œé€šè¿‡ä¼˜åŒ–ç®—æ³•æå‡äº†é®æŒ¡çŽ¯å¢ƒä¸‹çš„è¯†åˆ«å‡†ç¡®çŽ‡ã€‚è…¾è®¯äº‘ä¸ºé¡¹ç›®æä¾›äº†å…¨é“¾è·¯æŠ€æœ¯ä¸Žå¹³å°æ”¯æŒï¼Œæœªæ¥æ¨¡åž‹å°†è¢«éƒ¨ç½²åˆ°ä¿æŠ¤ä¸Žç ”ç©¶åŸºåœ°ã€‚ï¼ˆITBEARï¼‰#è…¾è®¯##å¤§ç†ŠçŒ«è¡Œä¸ºæ™ºèƒ½è¯†åˆ«##ä¿æŠ¤ä¸Žç ”ç©¶#,2024-10-27 00:00,å¾®åšç½‘é¡µç‰ˆ
å¹¿ä¸œå·¥ä¸šå¤§å­¦,å¹¿ä¸œ,5093870486687046,å¯çˆ±æ»´å°å¥¶ç‹—,å¹¿ä¸œå·¥ä¸šå¤§å­¦è€ƒç ”è¶…è¯  åŠ æ²¹,2024-10-26 23:33,å¹¿ä¸œå·¥ä¸šå¤§å­¦è€ƒç ”è¶…è¯
å¹¿ä¸œå·¥ä¸šå¤§å­¦,å¹¿ä¸œ,5093869435751295,Linuxedenå¼€æºç¤¾åŒº,ã€è…¾è®¯ç ”å‘å…¨çƒé¦–ä¸ªå¤§ç†ŠçŒ«æ¨¡åž‹ï¼šç»ˆäºŽèƒ½å®žæ—¶è¯†åˆ«æ¯ä¸€åªå¤§ç†ŠçŒ«äº†ã€‘å¿«ç§‘æŠ€10æœˆ26æ—¥æ¶ˆæ¯ï¼Œç¬¬å…«ä¸ªå›½é™…å¤§ç†ŠçŒ«æ—¥å³å°†åˆ°æ¥ã€‚ä¸ºäº†å¸®åŠ©é¥²å…»å‘˜æ›´å…¨é¢åœ°è§‚å¯Ÿå’Œç…§é¡¾å¤§ç†ŠçŒ«ï¼Œè…¾è®¯ã€ä¸­å›½å¤§ç†ŠçŒ«ä¿æŠ¤ç ”ç©¶ä¸­å¿ƒä»¥åŠå¹¿ä¸œå·¥ä¸šå¤§å­¦è”åˆå¼€å‘äº†å…¨çƒé¦–ä¸ªå¤§ç†ŠçŒ«è¡Œä¸ºæ™ºèƒ½è¯†åˆ«æ¨¡åž‹åŠæ™ºæ…§ç³»... -->Oç½‘é¡µé“¾æŽ¥,2024-10-26 23:29,Linuxeden
å¹¿ä¸œå·¥ä¸šå¤§å­¦,å¹¿ä¸œ,5093827167913281,æš´å°‘é¾™,å¹¿ä¸œå·¥ä¸šå¤§å­¦ï¼Œæ•™å­¦æ¥¼ã€‚ 2å¹¿å·žÂ·å¹¿ä¸œå·¥ä¸šå¤§å­¦(å¤§å­¦åŸŽæ ¡åŒº),2024-10-26 20:41,è£è€€30 5G
å¹¿ä¸œå·¥ä¸šå¤§å­¦,å¹¿ä¸œ,5093774080609680,å°ä»™å¥³75213,"å¹¿ä¸œå·¥ä¸šå¤§å­¦è€ƒç ”è¶…è¯  There is no road that does not bend, there is no flower that does not fade.äººé—´æ²¡æœ‰ä¸å¼¯çš„è·¯ï¼Œä¸–ä¸Šæ²¡æœ‰ä¸è°¢çš„èŠ±ã€‚",2024-10-26 17:10,å¹¿ä¸œå·¥ä¸šå¤§å­¦è€ƒç ”è¶…è¯
å¹¿ä¸œå·¥ä¸šå¤§å­¦,å¹¿ä¸œ,5093772121342979,å‹¤å¥‹çš„å°ç‰›999,"å¹¿ä¸œå·¥ä¸šå¤§å­¦è€ƒç ”è¶…è¯  There is no road that does not bend, there is no flower that does not fade.äººé—´æ²¡æœ‰ä¸å¼¯çš„è·¯ï¼Œä¸–ä¸Šæ²¡æœ‰ä¸è°¢çš„èŠ±ã€‚",2024-10-26 17:02,å¹¿ä¸œå·¥ä¸šå¤§å­¦è€ƒç ”è¶…è¯
å¹¿ä¸œå·¥ä¸šå¤§å­¦,å¹¿ä¸œ,5093768873382260,å°ä»™å¥³75213,"å¹¿ä¸œå·¥ä¸šå¤§å­¦è€ƒç ”è¶…è¯  Life needs a little sunshine, life needs some courage, struggling with the past, worrying about the future, it is better to seize the present, the past is a dream, the future is a shadow, now is the real life.ç”Ÿæ´»ï¼Œéœ€è¦ä¸€ç‚¹é˜³å…‰ï¼Œç”Ÿå‘½ï¼Œéœ€è¦ä¸€äº›å‹‡æ•¢ï¼Œçº ç»“è¿‡åŽ»ï¼Œæ‹…å¿ƒæœªæ¥ï¼Œéƒ½ä¸å¦‚æŠ“ä½å½“ä¸‹ï¼Œè¿‡åŽ»æ˜¯æ¢¦ï¼Œæœªæ¥æ˜¯å½±ï¼ŒçŽ°åœ¨æ‰æ˜¯çœŸçœŸåˆ‡åˆ‡çš„äººç”Ÿã€‚",2024-10-26 16:50,å¹¿ä¸œå·¥ä¸šå¤§å­¦è€ƒç ”è¶…è¯
å¹¿ä¸œå·¥ä¸šå¤§å­¦,å¹¿ä¸œ,5093768126793722,å‹¤å¥‹çš„å°ç‰›999,å¹¿ä¸œå·¥ä¸šå¤§å­¦è€ƒç ”è¶…è¯  Adversity and hardship are the highest schools of learning for refining one's character.æ‚£éš¾åŠå›°è‹¦ï¼Œæ˜¯ç£¨ç‚¼äººæ ¼çš„æœ€é«˜å­¦åºœã€‚,2024-10-26 16:47,å¹¿ä¸œå·¥ä¸šå¤§å­¦è€ƒç ”è¶…è¯
å¹¿ä¸œå·¥ä¸šå¤§å­¦,å¹¿ä¸œ,5093767680364435,CH_é™ˆå‡½,ä»Šå¹´å¹¿ä¸œå·¥ä¸šå¤§å­¦å®Œèµ›äº†ï¼é˜Ÿå‘˜ä»¬æ¬¢å‘¼é›€è·ƒã€å–œæžè€Œæ³£æ­¤æƒ…æ­¤æ™¯ï¼Œè®©äººæ€Žèƒ½ä¸åŠ¨å®¹ï¼Ÿ#2024ä¸­å›½å¤§å­¦ç”Ÿæ–¹ç¨‹å¼ç³»åˆ—èµ›äº‹# LCH_é™ˆå‡½çš„å¾®åšè§†é¢‘,2024-10-26 16:45,å¾®åšè§†é¢‘å·
å¹¿ä¸œå·¥ä¸šå¤§å­¦,å¹¿ä¸œ,5093733009459771,æ¬å±±é“,å¹¿ä¸œå·¥ä¸šå¤§å­¦è€ƒç ”è¶…è¯æŽ¥æ—¥è¯­ç¬”è¯‘359ç¿»è¯‘ç†è®ºéƒ¨åˆ†è¾…å¯¼ï¼Œ213æ—¥è¯­ä½œæ–‡ä¿®æ”¹æœåŠ¡ï¼Œèµ„æ–™ä¹Ÿå‡ºã€‚24å·²ç»ä¸Šå²¸ ã€‚,2024-10-26 14:27,å¹¿ä¸œå·¥ä¸šå¤§å­¦è€ƒç ”è¶…è¯
å¹¿ä¸œå·¥ä¸šå¤§å­¦,å¹¿ä¸œ,5093730367570441,ä¹è€å¸ˆèŠé«˜è€ƒ,é«˜è€ƒå¿—æ„¿å¡«æŠ¥æŒ‡å—è¶…è¯  è¿‘æ—¥ï¼Œå¹¿ä¸œå·¥ä¸šå¤§å­¦å„å­¦é™¢é™†ç»­å…¬ç¤ºæœªæŠ¥åˆ°æˆ–ç”³è¯·æ”¾å¼ƒå…¥å­¦çš„æ–°ç”Ÿåå•ï¼Œç»Ÿä¸€æ³¨é”€å…¶å…¥å­¦èµ„æ ¼ï¼Œæ¶‰åŠåˆ°çš„è€ƒç”Ÿæœ‰115äººã€‚å¦‚ä½•çœ‹å¾…è¿™ä¸€çŽ°è±¡ï¼Ÿç¬¬ä¸€ï¼Œä»Žæ”¾å¼ƒå…¥å­¦çš„åå•ä¸­çœ‹ï¼Œç®¡ç†å­¦é™¢å’Œå…ˆè¿›åˆ¶é€ å­¦é™¢æ”¾å¼ƒå…¥å­¦èµ„æ ¼äººæ•°æœ€å¤šï¼Œåˆ†åˆ«ä¸º28äººå’Œ24äººã€‚ç®¡ç†å­¦é™¢ä¸»è¦é›†ä¸­äºŽä¸­å¤–åˆä½œåŠžå­¦é¡¹ç›®ï¼Œå¦‚ä¼šè®¡å­¦ä¸­æ¾³ç­å’Œå¤§æ•°æ®ç®¡ç†åº”ç”¨ä¸­æ¾³ç­ç­‰ï¼Œå½“ç„¶å·¥å•†ç®¡ç†ç±»ä¸“ä¸šæœªæŠ¥åˆ°è€…ä¹Ÿä¸å°‘ã€‚å…ˆè¿›åˆ¶é€ å­¦é™¢åˆ™å±žäºŽæ­é˜³æ ¡åŒºï¼Œä¼°è®¡è·Ÿå†·é—¨ä¸“ä¸šåœŸæœ¨ç±»å’Œç”µå­å•†åŠ¡æœ‰å…³ã€‚ç¬¬äºŒï¼Œé™¤ä¸­å¤–åˆä½œåŠžå­¦ä¸“ä¸šåŠå†·é—¨ä¸“ä¸šå¤–ï¼Œéƒ¨åˆ†çƒ­é—¨ä¸“ä¸šä¹Ÿæœ‰è€ƒç”Ÿæ”¾å¼ƒæŠ¥åˆ°ï¼Œå¦‚è‡ªåŠ¨åŒ–ç±»ã€é›†æˆç”µè·¯è®¾è®¡ä¸Žé›†æˆç³»ç»Ÿã€ç”µæ°”å·¥ç¨‹åŠå…¶è‡ªåŠ¨åŒ–ç­‰ã€‚è¿™ç±»è€ƒç”Ÿï¼Œå½•å–åˆ†æ•°åœ¨590åˆ†å·¦å³ï¼Œå¤§éƒ¨åˆ†æ˜¯é€‰æ‹©å¤è¯»ï¼Œä¸€éƒ¨åˆ†æ˜¯é€‰æ‹©å¢ƒå¤–å‡å­¦å¦‚æ¾³é—¨å¤§å­¦ç­‰ã€‚ç¬¬ä¸‰ï¼Œå¤§ä¸€æ–°ç”Ÿæ”¾å¼ƒå…¥å­¦èµ„æ ¼ï¼Œè¿‘å¹´å…¶å®žå¹¶ä¸é²œè§ã€‚ä¸ä»…åœ¨ä¸€æœ¬äºŒæœ¬æ™®éå­˜åœ¨ï¼Œå³ä½¿æ˜¯985é«˜æ ¡å’Œ211é«˜æ ¡ä¹Ÿä¸åœ¨å°‘æ•°ã€‚å¦‚ä¸œåŒ—å¤§å­¦2022å¹´æœ‰51åæ–°ç”Ÿæ”¾å¼ƒå…¥å­¦ï¼Œæš¨å—å¤§å­¦2024å¹´æœ‰80å¤šåæ–°ç”Ÿæ”¾å¼ƒå…¥å­¦èµ„æ ¼ï¼ŒåŽå—å†œä¸šå¤§å­¦2023å¹´æœ‰è¶…è¿‡100äººæ”¾å¼ƒå…¥å­¦èµ„æ ¼ã€‚ä¹‹æ‰€ä»¥æ”¾å¼ƒï¼Œé™¤é€‰æ‹©å¢ƒå¤–å‡å­¦ï¼Œæ›´é‡è¦çš„æ˜¯è€ƒç”Ÿå¯»æ±‚æ›´å¥½çš„æ•™è‚²èµ„æºä½¿ç„¶ã€‚è¿‘å¹´æ¥ï¼Œä»¥æ²³å—ã€å±±ä¸œå’Œå¹¿ä¸œä¸ºä¸»çš„çœä»½é«˜è€ƒæŠ¥åäººæ•°æ°´æ¶¨èˆ¹é«˜ï¼Œæœ€é‡è¦çš„å› ç´ å³åœ¨äºŽå¤è¯»ç”Ÿäººæ•°çš„å¤§é‡å¢žé•¿ã€‚,2024-10-26 14:16,é«˜è€ƒå¿—æ„¿å¡«æŠ¥æŒ‡å—è¶…è¯
å¹¿ä¸œå·¥ä¸šå¤§å­¦,å¹¿ä¸œ,5093635458861733,å°ä»™å¥³75213,å¹¿ä¸œå·¥ä¸šå¤§å­¦è€ƒç ”è¶…è¯  Your calm mind is the ultimate weapon against your challenges. Bryant McGill - Author å¹³ç¨³çš„å¿ƒæ€æ˜¯åº”å¯¹æŒ‘æˆ˜çš„ç»ˆæžæ­¦å™¨ã€‚,2024-10-26 07:59,å¹¿ä¸œå·¥ä¸šå¤§å­¦è€ƒç ”è¶…è¯
å¹¿ä¸œå·¥ä¸šå¤§å­¦,å¹¿ä¸œ,5093634594047377,å‹¤å¥‹çš„å°ç‰›999,å¹¿ä¸œå·¥ä¸šå¤§å­¦è€ƒç ”è¶…è¯  For those of us climbing to the top of the food chain ï¼Œthey can be no mercyï¼Œthere is but one rule: hunt or be hunted.åƒæˆ‘ä»¬è¿™ç§çˆ¬åˆ°é£Ÿç‰©é“¾é¡¶ç«¯çš„äººï¼Œåªæœ‰ä¸€æ¡è§„åˆ™ï¼Œä¸åšçŒŽäººï¼Œå°±ä¼šæˆä¸ºçŒŽç‰©ã€‚,2024-10-26 07:56,å¹¿ä¸œå·¥ä¸šå¤§å­¦è€ƒç ”è¶…è¯
å¹¿ä¸œå·¥ä¸šå¤§å­¦,å¹¿ä¸œ,5093624935613809,å°ä»™å¥³75213,å¹¿ä¸œå·¥ä¸šå¤§å­¦è€ƒç ”è¶…è¯   Do not try to do everything. Do one thing well. æ ·æ ·ç¨€æ¾ï¼Œä¸å¦‚ä¸€æ ·ç²¾é€šã€‚,2024-10-26 07:18,å¹¿ä¸œå·¥ä¸šå¤§å­¦è€ƒç ”è¶…è¯
å¹¿ä¸œå·¥ä¸šå¤§å­¦,å¹¿ä¸œ,5093622875685464,å‹¤å¥‹çš„å°ç‰›999,"å¹¿ä¸œå·¥ä¸šå¤§å­¦è€ƒç ”è¶…è¯  Wind and rain are the norm. Wind and rain are the foundation of life. Remember to plant flowers in your heart, so that life will not be barrenæœ‰é£Žæœ‰é›¨æ˜¯å¸¸æ€ã€‚é£Žé›¨ï¼Œæ˜¯ç”Ÿæ´»çš„åº•è‰²ï¼Œè®°å¾—åœ¨å¿ƒé‡Œç§èŠ±ï¼Œäººç”Ÿæ‰ä¸ä¼šè’èŠœ",2024-10-26 07:09,å¹¿ä¸œå·¥ä¸šå¤§å­¦è€ƒç ”è¶…è¯
=======
å¹¿ä¸œå·¥ä¸šå¤§å­¦,å¹¿ä¸œ,5097118698832267,è¢«3å¯¸å°å¡ç»‘æž¶çš„ä¸€ç”Ÿ,å¹¿ä¸œå·¥ä¸šå¤§å­¦è¶…è¯  è¿™ä¸ªå­¦æ ¡æœ‰å«ç”°é›¨çš„äººå— æ±‚é—®ðŸ™,2024-11-04 22:40,å¹¿ä¸œå·¥ä¸šå¤§å­¦è¶…è¯
å¹¿ä¸œå·¥ä¸šå¤§å­¦,å¹¿ä¸œ,5097114856849515,ä¹è€å¸ˆèŠé«˜è€ƒ,é«˜è€ƒå¿—æ„¿å¡«æŠ¥æŒ‡å—è¶…è¯  2024å¹´ï¼Œå¹¿ä¸œå·¥ä¸šå¤§å­¦è‡ªåŠ¨åŒ–å­¦é™¢æœ‰24ä½æœ¬ç§‘ç”ŸæˆåŠŸå½•å–åŽå—ç†å·¥å¤§å­¦ï¼ŒçœŸç‰›ã€‚,2024-11-04 22:25,é«˜è€ƒå¿—æ„¿å¡«æŠ¥æŒ‡å—è¶…è¯
å¹¿ä¸œå·¥ä¸šå¤§å­¦,å¹¿ä¸œ,5097055900664516,å¯çˆ±æ»´å°å¥¶ç‹—,å¹¿ä¸œå·¥ä¸šå¤§å­¦è€ƒç ”è¶…è¯  11æœˆ4æ—¥,2024-11-04 18:31,å¹¿ä¸œå·¥ä¸šå¤§å­¦è€ƒç ”è¶…è¯
å¹¿ä¸œå·¥ä¸šå¤§å­¦,å¹¿ä¸œ,5097012841943755,åŽå¤eç•Œ,äº§æ•™ç§‘æ•™å…±èžï¼Œå¤§æ¹¾åŒºå…»è€å®¶æ”¿äº§æ•™èžåˆå…±åŒä½“åœ¨æ·±åœ³æˆç«‹10æœˆ28æ—¥æ¶ˆæ¯ï¼Œ26æ—¥ï¼Œå¤§æ¹¾åŒºå…»è€å®¶æ”¿äº§æ•™èžåˆå…±åŒä½“æˆç«‹å¤§ä¼šåœ¨æ·±åœ³ä¼šå±•ä¸­å¿ƒå¬å¼€ï¼Œæ—¨åœ¨è´¯å½»è½å®žç²¤æ¸¯æ¾³å¤§æ¹¾åŒºâ€œä¸€è€ä¸€å°â€å‘å±•æˆ˜ç•¥ï¼Œæå‡æ¹¾åŒºé«˜å“è´¨æ°‘ç”ŸæœåŠ¡æ°´å¹³ã€‚æ­¤æ¬¡ç››ä¼šç”±æ·±åœ³å¸‚å¹¸ç¦å¥åº·äº§ä¸šï¼ˆé›†å›¢ï¼‰æœ‰é™å…¬å¸ã€å¹¿ä¸œå·¥ä¸šå¤§å­¦åŠå¹¿ä¸œçœå¤–è¯­è‰ºæœ¯èŒä¸šå­¦é™¢å…±åŒå‘èµ·ï¼Œå¸å¼•äº†124å®¶æ”¿åºœæœºæž„ã€é™¢æ ¡åŠè¡Œä¸šä¼ä¸šä»£è¡¨å‡ºå¸­ï¼Œå…±åŒå•†è®¨å…»è€å®¶æ”¿äººæ‰åŸ¹å…»ä¸Žè¡Œä¸šé«˜è´¨é‡å‘å±•ã€‚ï¼ˆåŽå¤åŒ»ç•Œï¼‰,2024-11-04 15:40,å¾®åšç½‘é¡µç‰ˆ
å¹¿ä¸œå·¥ä¸šå¤§å­¦,å¹¿ä¸œ,5096749338989431,å°é¹¿æ°¸è¿œæ´»ç€,è¿™ä¹ˆçœ‹è¿˜æŒºå·§å¹¿ä¸œå·¥ä¸šå¤§å­¦é¾™æ´žæ ¡åŒºè¶…è¯,2024-11-03 22:13,å¹¿ä¸œå·¥ä¸šå¤§å­¦é¾™æ´žæ ¡åŒºè¶…è¯
å¹¿ä¸œå·¥ä¸šå¤§å­¦,å¹¿ä¸œ,5096749121931847,zå­¤ç‹¬æŸ´çŠ¬,å¹¿ä¸œå·¥ä¸šå¤§å­¦è¶…è¯  æœ‰å¾€å±Šçš„å­¦é•¿å­¦å§çŸ¥é“åœ¨ç æµ·è€ƒå¹¿å·¥é‡‘èžä¸“ç¡•ï¼Œä¸€èˆ¬ä¼šåœ¨å“ªä¸ªè€ƒç‚¹å—,2024-11-03 22:12,å¹¿ä¸œå·¥ä¸šå¤§å­¦è¶…è¯
å¹¿ä¸œå·¥ä¸šå¤§å­¦,å¹¿ä¸œ,5096687840529284,æœ¨æ‘æ€¡æ€¡,"å¹¿ä¸œå·¥ä¸šå¤§å­¦è¶…è¯ å¿«è¿‡æ¥è–…ç¾Šæ¯›ã€‚æˆ‘çš„æ·˜å®åº—å‡†å¤‡æ˜Žå¹´1-15å…³å¼ äº†ã€‚çŽ°åœ¨æ‰€æœ‰ç²¤è¯­å¡é€šç‰‡éƒ½å–ä¸€å…ƒã€‚è¦çš„æœ‹å‹èµ¶ç´§æŠ¢ã€‚æœç´¢ï¼Œæ·˜å®ï¼Œæœ¨æ‘æ€¡æ€¡çš„5å…ƒåº—,è‡ªåŠ¨å‘è´§çš„ã€‚",2024-11-03 18:08,å¹¿ä¸œå·¥ä¸šå¤§å­¦è¶…è¯
å¹¿ä¸œå·¥ä¸šå¤§å­¦,å¹¿ä¸œ,5096624397225220,åœ£è€ƒç ”ç½‘,"ã€Šã€åˆè¯•ã€‘å¹¿ä¸œå·¥ä¸šå¤§å­¦140300è®¾è®¡å­¦#621è®¾è®¡åŽ†å²ä¸Žç†è®º#åŽç ”è¾…å¯¼-åœ£è€ƒèµ„æ–™ç½‘-25è€ƒç ”ã€‹æ¬¢è¿Žç™»é™†â†’#å¹¿ä¸œå·¥ä¸šå¤§å­¦#ç ”ç©¶ç”Ÿé™¢æ ¡èµ„æ–™åŽ†å¹´çœŸé¢˜ï¼Œç ”ç©¶æ–¹å‘ï¼Œå‚è€ƒä¹¦ç›®ï¼Œå¤è¯•åˆ†æ•°ï¼ŒæŠ¥å½•æ¯”ç­‰ä¿¡æ¯,ä¾›å¤§å®¶å‚è€ƒã€‚    æœ€æ–°ç‰ˆæœ¬ï¼Œè¯·ç‚¹è¿™é‡ŒèŽ·å¾—                      Oç½‘é¡µé“¾æŽ¥",2024-11-03 13:56,ç™¾åº¦App
å¹¿ä¸œå·¥ä¸šå¤§å­¦,å¹¿ä¸œ,5096619827267277,-Jackson_Pan,å¹¿ä¸œå·¥ä¸šå¤§å­¦è¶…è¯  3é‡‘ï¼åŽ†å²çªç ´ï¼å¹¿ä¸œç¬¬ä¸€ï¼O3é‡‘ï¼åŽ†å²çªç ´ï¼å¹¿ä¸œç¬¬ä¸€ï¼,2024-11-03 13:38,å¹¿ä¸œå·¥ä¸šå¤§å­¦è¶…è¯
å¹¿ä¸œå·¥ä¸šå¤§å­¦,åŒ—äº¬,5097118698832267,è¢«3å¯¸å°å¡ç»‘æž¶çš„ä¸€ç”Ÿ,å¹¿ä¸œå·¥ä¸šå¤§å­¦è¶…è¯  è¿™ä¸ªå­¦æ ¡æœ‰å«ç”°é›¨çš„äººå— æ±‚é—®ðŸ™,2024-11-04 22:40,å¹¿ä¸œå·¥ä¸šå¤§å­¦è¶…è¯
å¹¿ä¸œå·¥ä¸šå¤§å­¦,åŒ—äº¬,5097114856849515,ä¹è€å¸ˆèŠé«˜è€ƒ,é«˜è€ƒå¿—æ„¿å¡«æŠ¥æŒ‡å—è¶…è¯  2024å¹´ï¼Œå¹¿ä¸œå·¥ä¸šå¤§å­¦è‡ªåŠ¨åŒ–å­¦é™¢æœ‰24ä½æœ¬ç§‘ç”ŸæˆåŠŸå½•å–åŽå—ç†å·¥å¤§å­¦ï¼ŒçœŸç‰›ã€‚,2024-11-04 22:25,é«˜è€ƒå¿—æ„¿å¡«æŠ¥æŒ‡å—è¶…è¯
å¹¿ä¸œå·¥ä¸šå¤§å­¦,åŒ—äº¬,5097055900664516,å¯çˆ±æ»´å°å¥¶ç‹—,å¹¿ä¸œå·¥ä¸šå¤§å­¦è€ƒç ”è¶…è¯  11æœˆ4æ—¥,2024-11-04 18:31,å¹¿ä¸œå·¥ä¸šå¤§å­¦è€ƒç ”è¶…è¯
å¹¿ä¸œå·¥ä¸šå¤§å­¦,åŒ—äº¬,5097012841943755,åŽå¤eç•Œ,äº§æ•™ç§‘æ•™å…±èžï¼Œå¤§æ¹¾åŒºå…»è€å®¶æ”¿äº§æ•™èžåˆå…±åŒä½“åœ¨æ·±åœ³æˆç«‹10æœˆ28æ—¥æ¶ˆæ¯ï¼Œ26æ—¥ï¼Œå¤§æ¹¾åŒºå…»è€å®¶æ”¿äº§æ•™èžåˆå…±åŒä½“æˆç«‹å¤§ä¼šåœ¨æ·±åœ³ä¼šå±•ä¸­å¿ƒå¬å¼€ï¼Œæ—¨åœ¨è´¯å½»è½å®žç²¤æ¸¯æ¾³å¤§æ¹¾åŒºâ€œä¸€è€ä¸€å°â€å‘å±•æˆ˜ç•¥ï¼Œæå‡æ¹¾åŒºé«˜å“è´¨æ°‘ç”ŸæœåŠ¡æ°´å¹³ã€‚æ­¤æ¬¡ç››ä¼šç”±æ·±åœ³å¸‚å¹¸ç¦å¥åº·äº§ä¸šï¼ˆé›†å›¢ï¼‰æœ‰é™å…¬å¸ã€å¹¿ä¸œå·¥ä¸šå¤§å­¦åŠå¹¿ä¸œçœå¤–è¯­è‰ºæœ¯èŒä¸šå­¦é™¢å…±åŒå‘èµ·ï¼Œå¸å¼•äº†124å®¶æ”¿åºœæœºæž„ã€é™¢æ ¡åŠè¡Œä¸šä¼ä¸šä»£è¡¨å‡ºå¸­ï¼Œå…±åŒå•†è®¨å…»è€å®¶æ”¿äººæ‰åŸ¹å…»ä¸Žè¡Œä¸šé«˜è´¨é‡å‘å±•ã€‚ï¼ˆåŽå¤åŒ»ç•Œï¼‰,2024-11-04 15:40,å¾®åšç½‘é¡µç‰ˆ
å¹¿ä¸œå·¥ä¸šå¤§å­¦,åŒ—äº¬,5096749338989431,å°é¹¿æ°¸è¿œæ´»ç€,è¿™ä¹ˆçœ‹è¿˜æŒºå·§å¹¿ä¸œå·¥ä¸šå¤§å­¦é¾™æ´žæ ¡åŒºè¶…è¯,2024-11-03 22:13,å¹¿ä¸œå·¥ä¸šå¤§å­¦é¾™æ´žæ ¡åŒºè¶…è¯
å¹¿ä¸œå·¥ä¸šå¤§å­¦,åŒ—äº¬,5096749121931847,zå­¤ç‹¬æŸ´çŠ¬,å¹¿ä¸œå·¥ä¸šå¤§å­¦è¶…è¯  æœ‰å¾€å±Šçš„å­¦é•¿å­¦å§çŸ¥é“åœ¨ç æµ·è€ƒå¹¿å·¥é‡‘èžä¸“ç¡•ï¼Œä¸€èˆ¬ä¼šåœ¨å“ªä¸ªè€ƒç‚¹å—,2024-11-03 22:12,å¹¿ä¸œå·¥ä¸šå¤§å­¦è¶…è¯
å¹¿ä¸œå·¥ä¸šå¤§å­¦,åŒ—äº¬,5096687840529284,æœ¨æ‘æ€¡æ€¡,"å¹¿ä¸œå·¥ä¸šå¤§å­¦è¶…è¯ å¿«è¿‡æ¥è–…ç¾Šæ¯›ã€‚æˆ‘çš„æ·˜å®åº—å‡†å¤‡æ˜Žå¹´1-15å…³å¼ äº†ã€‚çŽ°åœ¨æ‰€æœ‰ç²¤è¯­å¡é€šç‰‡éƒ½å–ä¸€å…ƒã€‚è¦çš„æœ‹å‹èµ¶ç´§æŠ¢ã€‚æœç´¢ï¼Œæ·˜å®ï¼Œæœ¨æ‘æ€¡æ€¡çš„5å…ƒåº—,è‡ªåŠ¨å‘è´§çš„ã€‚",2024-11-03 18:08,å¹¿ä¸œå·¥ä¸šå¤§å­¦è¶…è¯
å¹¿ä¸œå·¥ä¸šå¤§å­¦,åŒ—äº¬,5096624397225220,åœ£è€ƒç ”ç½‘,"ã€Šã€åˆè¯•ã€‘å¹¿ä¸œå·¥ä¸šå¤§å­¦140300è®¾è®¡å­¦#621è®¾è®¡åŽ†å²ä¸Žç†è®º#åŽç ”è¾…å¯¼-åœ£è€ƒèµ„æ–™ç½‘-25è€ƒç ”ã€‹æ¬¢è¿Žç™»é™†â†’#å¹¿ä¸œå·¥ä¸šå¤§å­¦#ç ”ç©¶ç”Ÿé™¢æ ¡èµ„æ–™åŽ†å¹´çœŸé¢˜ï¼Œç ”ç©¶æ–¹å‘ï¼Œå‚è€ƒä¹¦ç›®ï¼Œå¤è¯•åˆ†æ•°ï¼ŒæŠ¥å½•æ¯”ç­‰ä¿¡æ¯,ä¾›å¤§å®¶å‚è€ƒã€‚    æœ€æ–°ç‰ˆæœ¬ï¼Œè¯·ç‚¹è¿™é‡ŒèŽ·å¾—                      Oç½‘é¡µé“¾æŽ¥",2024-11-03 13:56,ç™¾åº¦App
å¹¿ä¸œå·¥ä¸šå¤§å­¦,åŒ—äº¬,5096619827267277,-Jackson_Pan,å¹¿ä¸œå·¥ä¸šå¤§å­¦è¶…è¯  3é‡‘ï¼åŽ†å²çªç ´ï¼å¹¿ä¸œç¬¬ä¸€ï¼O3é‡‘ï¼åŽ†å²çªç ´ï¼å¹¿ä¸œç¬¬ä¸€ï¼,2024-11-03 13:38,å¹¿ä¸œå·¥ä¸šå¤§å­¦è¶…è¯
å¹¿ä¸œå·¥ä¸šå¤§å­¦,å¹¿ä¸œ,5096587234118169,Jacques-Victor-Albert,å¹¿ä¸œå·¥ä¸šå¤§å­¦è¶…è¯ ç½‘ç»œæš´æ°‘è®¤è¯†ä¸åˆ°æœ±ä»¤æ¡ˆçš„çœŸå‡¶æ˜¯ç‹ˆå¿—åŸŽï¼Œå´æ•¢äºŽè¿½ç€éªšæ‰°å­™ç»´åŠå®¤å‹é‡‘äºšæ•™æŽˆè¿‘äºŒåå¹´,2024-11-03 11:29,å¹¿ä¸œå·¥ä¸šå¤§å­¦è¶…è¯
å¹¿ä¸œå·¥ä¸šå¤§å­¦,åŒ—äº¬,5096587234118169,Jacques-Victor-Albert,å¹¿ä¸œå·¥ä¸šå¤§å­¦è¶…è¯ ç½‘ç»œæš´æ°‘è®¤è¯†ä¸åˆ°æœ±ä»¤æ¡ˆçš„çœŸå‡¶æ˜¯ç‹ˆå¿—åŸŽï¼Œå´æ•¢äºŽè¿½ç€éªšæ‰°å­™ç»´åŠå®¤å‹é‡‘äºšæ•™æŽˆè¿‘äºŒåå¹´,2024-11-03 11:29,å¹¿ä¸œå·¥ä¸šå¤§å­¦è¶…è¯
>>>>>>> 25b4399b09c6827ff6ddc9bb8882000033d2ba91
