jennie,广东,超话 喜欢,7秒前,JENNIE超话
jennie,广东,月刊 底封 投放 真的 年初 投放 年底,16秒前,
jennie,广东,超话 烙饼 五年 前 更新 图片 配文 翻译 来说 一部 电影 陪伴 才 剩下 珍贵 回忆 陪伴 才 这是 一个 特别 时刻 会 永远 记在 心底 都 很 感谢 翻译 歪歪 配文 翻译 亲爱 闪耀 点点 星光 闪亮 翻译 配文 翻译 一周岁 日子 翻译 桃子,2分钟前,JENNIE超话
jennie,广东,超话 两颗心 出 道 六周年 六年 前 更新 图片 六则,5分钟前,JENNIE超话
jennie,广东,超话 原图 好 喜欢,5分钟前,JENNIE超话
jennie,广东,说 做 都 做,10分钟前,iPad客户端
jennie,广东,宝宝 真的 美的 人 一种 舒适感 淡颜 女神,15分钟前,JENNIE超话
jennie,广东,表情 包 好像 啊哈 哈哈哈哈 这集 看过 评论 配图,16分钟前,荣耀90 写真相机
jennie,广东,超话 新专辑 碗 碗 舞蹈 室 正经 再 小妮 郭颖碗 碗子 间歇性 妈粉 微博 视频,16分钟前,yamy超话
jennie,广东,超话 披萨 披萨 手机 壁纸 超话 超话,18分钟前,JENNIE超话
jennie,北京,超话 喜欢,22秒前,JENNIE超话
jennie,北京,月刊 底封 投放 真的 年初 投放 年底,31秒前,
jennie,北京,超话 烙饼 五年 前 更新 图片 配文 翻译 来说 一部 电影 陪伴 才 剩下 珍贵 回忆 陪伴 才 这是 一个 特别 时刻 会 永远 记在 心底 都 很 感谢 翻译 歪歪 配文 翻译 亲爱 闪耀 点点 星光 闪亮 翻译 配文 翻译 一周岁 日子 翻译 桃子,2分钟前,JENNIE超话
jennie,北京,超话 两颗心 出 道 六周年 六年 前 更新 图片 六则,5分钟前,JENNIE超话
jennie,北京,超话 原图 好 喜欢,6分钟前,JENNIE超话
jennie,北京,说 做 都 做,11分钟前,iPad客户端
jennie,北京,宝宝 真的 美的 人 一种 舒适感 淡颜 女神,15分钟前,JENNIE超话
jennie,北京,表情 包 好像 啊哈 哈哈哈哈 这集 看过 评论 配图,16分钟前,荣耀90 写真相机
jennie,北京,超话 新专辑 碗 碗 舞蹈 室 正经 再 小妮 郭颖碗 碗子 间歇性 妈粉 微博 视频,17分钟前,yamy超话
jennie,北京,超话 披萨 披萨 手机 壁纸 超话 超话,18分钟前,JENNIE超话
blackpink,广东,哈哈哈 哈哈哈 哈哈哈 有人 成四 儿子 哈哈哈 哈哈哈 哈哈哈 哈哈哈 笑 死,2分钟前,三星 Galaxy Z Flip4
blackpink,广东,中考 加油 两次 想 模仿 結果 變時 這樣 蔻 泰 爆炒 乡村 基之猛 坐 升职 器版 好 吓人 光明 奶奶 子 耳朵 喷血 迷你 世界 奶龙 耳朵 笑 死 香 扔 儿 小 蝴蝶 宝宝 大姨妈 笑 测漏,3分钟前,iPhone 14 Pro(暗紫色)
blackpink,广东,哈哈哈 都 有霉霉 油管 女王 皇冠,6分钟前,微博轻享版
blackpink,广东,还会 回归 挺 期待 哈哈哈,11分钟前,
blackpink,广东,朴彩英 更新 小狗 访谈 中文翻译 超话 超话 中国 粉墨 微博 视频,13分钟前,ROSÉ超话
blackpink,广东,超话 独角兽 金智秀 那年 今日 那年 今日 更新 智秀 相关 图片 好 青涩 宝宝 开 闪光灯 相机 人生 四格 线上 版 微博 正文 气泡 泡泡 教程 微博 正文 日出 招新 微博 正文 右 手 较浅 肤色 智秀 工作室 账号 合集 微博 正文 右 手 较浅 肤色 智秀 油管 账号 右 手 较浅 肤色 智秀 账号 双 下划线 右 手 较浅 肤色 智秀 微博 账号 智秀,15分钟前,kimjisoo超话
blackpink,广东,实在 大手笔 登上 杂志 美国 美国 加拿大 加拿大 意大利 意大利 日本 日本 韩国 韩国 等国 封面 杂志 历史 上 第一位 登上 国 封面 歌手 即将 发行 首专 还 确认 成员 明年 重聚 回归 说 当下 最想 合作 歌手 匠妹 评价 形容 首个 专辑 时期 影响 值得 期待 顶级 歌星 包装 运作,16分钟前,
blackpink,北京,哈哈哈 哈哈哈 哈哈哈 有人 成四 儿子 哈哈哈 哈哈哈 哈哈哈 哈哈哈 笑 死,2分钟前,三星 Galaxy Z Flip4
blackpink,北京,中考 加油 两次 想 模仿 結果 變時 這樣 蔻 泰 爆炒 乡村 基之猛 坐 升职 器版 好 吓人 光明 奶奶 子 耳朵 喷血 迷你 世界 奶龙 耳朵 笑 死 香 扔 儿 小 蝴蝶 宝宝 大姨妈 笑 测漏,3分钟前,iPhone 14 Pro(暗紫色)
blackpink,北京,哈哈哈 都 有霉霉 油管 女王 皇冠,7分钟前,微博轻享版
blackpink,北京,还会 回归 挺 期待 哈哈哈,11分钟前,
blackpink,北京,朴彩英 更新 小狗 访谈 中文翻译 超话 超话 中国 粉墨 微博 视频,14分钟前,ROSÉ超话
blackpink,北京,超话 独角兽 金智秀 那年 今日 那年 今日 更新 智秀 相关 图片 好 青涩 宝宝 开 闪光灯 相机 人生 四格 线上 版 微博 正文 气泡 泡泡 教程 微博 正文 日出 招新 微博 正文 右 手 较浅 肤色 智秀 工作室 账号 合集 微博 正文 右 手 较浅 肤色 智秀 油管 账号 右 手 较浅 肤色 智秀 账号 双 下划线 右 手 较浅 肤色 智秀 微博 账号 智秀,15分钟前,kimjisoo超话
blackpink,北京,实在 大手笔 登上 杂志 美国 美国 加拿大 加拿大 意大利 意大利 日本 日本 韩国 韩国 等国 封面 杂志 历史 上 第一位 登上 国 封面 歌手 即将 发行 首专 还 确认 成员 明年 重聚 回归 说 当下 最想 合作 歌手 匠妹 评价 形容 首个 专辑 时期 影响 值得 期待 顶级 歌星 包装 运作,16分钟前,
jennie,广东,超话 快上车,22分钟前,JENNIE超话
jennie,广东,更新 松弛 感 十足 娱乐 扒少 微博 视频,26分钟前,微博视频号
jennie,广东,超话 浅蓝色 心 女永一奶 呼呼,27分钟前,JENNIE超话
jennie,广东,居然 杨 天真 杨 天真 瘦 好多 还 跳 舞蹈 没 开玩笑 杨 天真 收拾 收拾 爱豆 出道 女生 加油,27分钟前,微博网页版
jennie,广东,,27分钟前,iPhone客户端
jennie,广东,超话,28分钟前,JENNIE超话
jennie,广东,舒淇 超话 舒淇 今日 甜蜜 更新 林心如 林熙蕾 日常 闺蜜们 喝点 小酒 聊着 小天 真的 快乐 首歌 实火 舒淇 女士 还 背 同款 格纹 饺子 包笑 哭 笑 哭 笑 哭 明星 私服 集 微博 视频,28分钟前,舒淇超话
jennie,广东,超话 今日 投票,30分钟前,JENNIE超话
jennie,广东,超话 所有人 双 感叹号 双 感叹号,31分钟前,JENNIE超话
jennie,北京,超话 快上车,23分钟前,JENNIE超话
jennie,北京,更新 松弛 感 十足 娱乐 扒少 微博 视频,26分钟前,微博视频号
jennie,北京,超话 浅蓝色 心 女永一奶 呼呼,27分钟前,JENNIE超话
jennie,北京,居然 杨 天真 杨 天真 瘦 好多 还 跳 舞蹈 没 开玩笑 杨 天真 收拾 收拾 爱豆 出道 女生 加油,27分钟前,微博网页版
jennie,北京,,27分钟前,iPhone客户端
jennie,北京,超话,28分钟前,JENNIE超话
jennie,北京,舒淇 超话 舒淇 今日 甜蜜 更新 林心如 林熙蕾 日常 闺蜜们 喝点 小酒 聊着 小天 真的 快乐 首歌 实火 舒淇 女士 还 背 同款 格纹 饺子 包笑 哭 笑 哭 笑 哭 明星 私服 集 微博 视频,28分钟前,舒淇超话
jennie,北京,超话 今日 投票,30分钟前,JENNIE超话
jennie,北京,超话 所有人 双 感叹号 双 感叹号,31分钟前,JENNIE超话
blackpink,广东,超话 金智秀 幸福 指数 年 签名 时智秀 竟然 写 中文 名字 哭 放声大哭 放声大哭 搏动 心,28分钟前,kimjisoo超话
blackpink,广东,爆炸 大事 不妙 背刺 内涵 碧昂丝 现象 级 天团 成员 最新 接受 韩国 版 专访 问到 看待 艺人 挂名 歌曲 创作者 时 回答 道 那种 名声 虚荣心 会 去 涉猎 不 擅长 领域 人 写歌 随随便便 改 几个 词 名字 填上去 指名道姓 在外 网 碧昂丝 歌迷 攻击,30分钟前,
blackpink,广东,证实 计划 年 重组 回归 食指 拇指 交叉 手 较浅 肤色,35分钟前,
blackpink,广东,评价 称霸世界 而生 流行 团体 成功 保证 艺术家 成功 话说回来 一个 团体 这四人 组合 成员 来自 世界各地 歌曲 拟声词 特色 音乐 视频 轰动一时 称霸世界 而生 据称 自年 全球 官方 点播 流媒体 播放 量 已 达 亿次 首 金曲 在世界上 舞台 上 演出 组合 年 第一个 参加 科 切拉 音乐节 韩国 女子 组合 年 第一个 登上 音乐节 头条 韩国 组合 世界 巡演 以其 上 第一张 排名 第一 专辑 命名 美国 体育场 门票 销售一空 极少数 一点 韩国 流行 乐队,37分钟前,
blackpink,广东,双 感叹号 新 封面 登上 美国 阿拉伯 阿根廷 巴西 加拿大 墨西哥 意大利 日本 韩国 菲律宾 在内 全球 十个 版本 公告牌 封面 这是 一本 年 创刊 专注 音乐 领域 权威 媒体 刊物 杂志 创刊 整整 年 第一位 横扫 全球 版本 封面 明星 姐 真的 红得 没边,40分钟前,iPhone 11 Pro Max
blackpink,广东,歌谣 大战 歌单 暂时 听 首待 补充 爱哭 爱人 想 日子 里成 时京 街上 忘 成时京 再见 爱情 许阁 早知如此 俄罗斯 轮盘 宋荷 艺心 随爱动 一闪 一闪 妈妈 日记 请夏 爱情 是从 告白 相爱 冬天 童话 一个 人 残念,41分钟前,
blackpink,广东,太好了 内娱 有救 内娱 四人团 终将 登顶 颤抖 内娱,43分钟前,微博轻享版
blackpink,广东,官网 更新 采访 闪亮 闪亮 闪亮 年 月 结束 为期 一年 横跨 全球 为期 天 世界 巡演 睡眠 优先 事项 中排 正面 朝向 小鸡 累 不 不 工作 时 我会 感到 内疚 做点 很 奇怪 身体 发出信号 哔 哔 哔 休息 太多会 年前 建议 正面 朝向 小鸡 告诉 事情 做 继续前进,47分钟前,
blackpink,广东,卧槽 死鸡 你别 骗,54分钟前,iPhone 15
blackpink,广东,别吵 睡觉 尖叫 厨神 花园 好 难受 朴彩英 第一名 夏胖 胖 恭喜 第一名 秀秀,55分钟前,iPhone客户端
blackpink,北京,超话 金智秀 幸福 指数 年 签名 时智秀 竟然 写 中文 名字 哭 放声大哭 放声大哭 搏动 心,28分钟前,kimjisoo超话
blackpink,北京,爆炸 大事 不妙 背刺 内涵 碧昂丝 现象 级 天团 成员 最新 接受 韩国 版 专访 问到 看待 艺人 挂名 歌曲 创作者 时 回答 道 那种 名声 虚荣心 会 去 涉猎 不 擅长 领域 人 写歌 随随便便 改 几个 词 名字 填上去 指名道姓 在外 网 碧昂丝 歌迷 攻击,31分钟前,
blackpink,北京,证实 计划 年 重组 回归 食指 拇指 交叉 手 较浅 肤色,35分钟前,
blackpink,北京,评价 称霸世界 而生 流行 团体 成功 保证 艺术家 成功 话说回来 一个 团体 这四人 组合 成员 来自 世界各地 歌曲 拟声词 特色 音乐 视频 轰动一时 称霸世界 而生 据称 自年 全球 官方 点播 流媒体 播放 量 已 达 亿次 首 金曲 在世界上 舞台 上 演出 组合 年 第一个 参加 科 切拉 音乐节 韩国 女子 组合 年 第一个 登上 音乐节 头条 韩国 组合 世界 巡演 以其 上 第一张 排名 第一 专辑 命名 美国 体育场 门票 销售一空 极少数 一点 韩国 流行 乐队,37分钟前,
blackpink,北京,双 感叹号 新 封面 登上 美国 阿拉伯 阿根廷 巴西 加拿大 墨西哥 意大利 日本 韩国 菲律宾 在内 全球 十个 版本 公告牌 封面 这是 一本 年 创刊 专注 音乐 领域 权威 媒体 刊物 杂志 创刊 整整 年 第一位 横扫 全球 版本 封面 明星 姐 真的 红得 没边,40分钟前,iPhone 11 Pro Max
blackpink,北京,歌谣 大战 歌单 暂时 听 首待 补充 爱哭 爱人 想 日子 里成 时京 街上 忘 成时京 再见 爱情 许阁 早知如此 俄罗斯 轮盘 宋荷 艺心 随爱动 一闪 一闪 妈妈 日记 请夏 爱情 是从 告白 相爱 冬天 童话 一个 人 残念,41分钟前,
blackpink,北京,太好了 内娱 有救 内娱 四人团 终将 登顶 颤抖 内娱,43分钟前,微博轻享版
blackpink,北京,官网 更新 采访 闪亮 闪亮 闪亮 年 月 结束 为期 一年 横跨 全球 为期 天 世界 巡演 睡眠 优先 事项 中排 正面 朝向 小鸡 累 不 不 工作 时 我会 感到 内疚 做点 很 奇怪 身体 发出信号 哔 哔 哔 休息 太多会 年前 建议 正面 朝向 小鸡 告诉 事情 做 继续前进,47分钟前,
blackpink,北京,卧槽 死鸡 你别 骗,54分钟前,iPhone 15
blackpink,北京,别吵 睡觉 尖叫 厨神 花园 好 难受 朴彩英 第一名 夏胖 胖 恭喜 第一名 秀秀,55分钟前,iPhone客户端
jennie,广东,超话 看着 小年 满满的 动力,32分钟前,JENNIE超话
jennie,广东,妈呀 不 现成 梦 核 视频 超话,33分钟前,iPhone客户端
jennie,广东,居然 杨 天真 杨 天真 瘦 好多 还 跳 舞蹈 没 开玩笑 杨 天真 收拾 收拾 爱豆 出道 女生 加油,38分钟前,微博网页版
jennie,广东,超话 双 感叹号 双 感叹号 双 感叹号 按钮 联投 进度 播报 今日 进度 已达 希望 投完 记得 上传 双人 投妮 单人 投 教程 微博 正文 连衣裙 豚儿 换票 二群,39分钟前,JENNIE超话
jennie,广东,时 公寓 牛仔 搏动 心 李智雅 穿 美女 眼光 真 三个 人 都 搭配 不 同色系 鞋子 白色 小 鞋 黑色 长靴 平底鞋 演绎 风格 时,39分钟前,微博网页版
jennie,广东,,40分钟前,iPhone客户端
jennie,北京,超话 看着 小年 满满的 动力,32分钟前,JENNIE超话
jennie,北京,妈呀 不 现成 梦 核 视频 超话,33分钟前,iPhone客户端
jennie,北京,居然 杨 天真 杨 天真 瘦 好多 还 跳 舞蹈 没 开玩笑 杨 天真 收拾 收拾 爱豆 出道 女生 加油,39分钟前,微博网页版
jennie,北京,超话 双 感叹号 双 感叹号 双 感叹号 按钮 联投 进度 播报 今日 进度 已达 希望 投完 记得 上传 双人 投妮 单人 投 教程 微博 正文 连衣裙 豚儿 换票 二群,39分钟前,JENNIE超话
jennie,北京,时 公寓 牛仔 搏动 心 李智雅 穿 美女 眼光 真 三个 人 都 搭配 不 同色系 鞋子 白色 小 鞋 黑色 长靴 平底鞋 演绎 风格 时,39分钟前,微博网页版
jennie,北京,,40分钟前,iPhone客户端
blackpink,广东,出物 超话 出出,今天20:52,blackpink出物超话
blackpink,广东,访谈 中 谈到 恳求 脸,今天20:52,微博手机版
blackpink,广东,不成文 打喷嚏 成员 会 说 朴彩英 微博 计划 微博 视频,今天20:49,微博视频号
blackpink,广东,人比 更 爱 超话 作品 上 投入 精力 短信 交流 家人 很 发布 新 作品 这是 所有人 都 想 做 事情,今天20:38,BLACKPINK超话
blackpink,广东,说出 丑事 微博 视频,今天20:38,微博视频号
blackpink,广东,超绝 编舞 还 看过 街舞 舞蹈 女团 街舞 地带 微博 视频,今天20:36,微博视频号
blackpink,广东,超话 不 追星 同班同学 别人 说 喜欢 粉墨 塌房 无语 翻白眼 呕吐,今天20:32,BLACKPINK超话
blackpink,广东,超话 超话 新增 日版 豪华版 宝宝 购入,今天20:20,BLACKPINK超话
blackpink,广东,创造 历史 登上 杂志 国 封面 杂志 史上 第一位 登上 国 封面 歌手 即将 发行 首专 确认 计划 明年 重聚 回归 还 透露 当下 最想 合作 歌手 匠妹 形容 首专 时期 影响 太 期待,今天20:09,微博网页版
blackpink,广东,超话 全世界 安利 更新 月刊 封面 世界 地球 上 美洲 头晕 有史以来 第一位 全球 封面 明星 代表 全球 地区 张 封面 美国 阿拉伯 阿根廷 巴西 加拿大 墨西哥 意大利 日本 韩国 菲律宾 兔子 头 工作室 工作室 猫 脸 工作室 工作室 官方 官方 松鼠 团队 团队 梨 团队 团队 招新 微博 正文 资源 番茄酱,今天20:05,BLACKPINK超话
blackpink,北京,出物 超话 出出,今天20:52,blackpink出物超话
blackpink,北京,访谈 中 谈到 恳求 脸,今天20:52,微博手机版
blackpink,北京,不成文 打喷嚏 成员 会 说 朴彩英 微博 计划 微博 视频,今天20:49,微博视频号
blackpink,北京,人比 更 爱 超话 作品 上 投入 精力 短信 交流 家人 很 发布 新 作品 这是 所有人 都 想 做 事情,今天20:38,BLACKPINK超话
blackpink,北京,说出 丑事 微博 视频,今天20:38,微博视频号
blackpink,北京,超绝 编舞 还 看过 街舞 舞蹈 女团 街舞 地带 微博 视频,今天20:36,微博视频号
blackpink,北京,超话 不 追星 同班同学 别人 说 喜欢 粉墨 塌房 无语 翻白眼 呕吐,今天20:32,BLACKPINK超话
blackpink,北京,超话 超话 新增 日版 豪华版 宝宝 购入,今天20:20,BLACKPINK超话
blackpink,北京,创造 历史 登上 杂志 国 封面 杂志 史上 第一位 登上 国 封面 歌手 即将 发行 首专 确认 计划 明年 重聚 回归 还 透露 当下 最想 合作 歌手 匠妹 形容 首专 时期 影响 太 期待,今天20:09,微博网页版
blackpink,北京,超话 全世界 安利 更新 月刊 封面 世界 地球 上 美洲 头晕 有史以来 第一位 全球 封面 明星 代表 全球 地区 张 封面 美国 阿拉伯 阿根廷 巴西 加拿大 墨西哥 意大利 日本 韩国 菲律宾 兔子 头 工作室 工作室 猫 脸 工作室 工作室 官方 官方 松鼠 团队 团队 梨 团队 团队 招新 微博 正文 资源 番茄酱,今天20:05,BLACKPINK超话
jennie,广东,墨家 零售商 超话 帽子 包 国际 刚刚 跑 单,43分钟前,墨家零售商超话
jennie,广东,超话 帽子 无卡包 国际 有人 不,49分钟前,JENNIE超话
jennie,广东,一周 粉丝 数增涨 女爱豆 年 第周 郑采妍 万万 宁艺卓 万万 万 黄礼志 万 休宁 巴伊 叶万申 有娜 万万 万,53分钟前,
jennie,广东,碾压 丝滑 闯美姐 诠释 穿 少 赢,55分钟前,vivo S19 Pro
jennie,广东,眼神 不能不要 清澈 大学生 脑 喜欢 编舞 微博 视频,56分钟前,iPhone
jennie,广东,超话 有人 拼 帽子 泥巴 下单 帽子 限购 两件 运费 平摊 国内 非偏,57分钟前,JENNIE超话
jennie,广东,不成文 打喷嚏 成员 会 说 朴彩英 微博 计划 微博 视频,今天20:49,微博视频号
jennie,广东,超话 汽车 出 道 六周年 图片 视频 更新 图片 视频 下次 时间 再见 挥手 涂 指甲油 穿戴 甲微博 正文 喷泉 项链 微博 正文 蝴蝶 厂牌 蝴蝶 官方 号 蝴蝶 摄影 号 蝴蝶 蝴蝶 蝴蝶 号,今天20:47,Android
jennie,广东,饭圈 扩关 超话 私信 养铁 韩娱 吴世勋 内 娱鹿晗 叉号 队友 昼套 内娱 无雷,今天20:45,饭圈扩关超话
jennie,北京,墨家 零售商 超话 帽子 包 国际 刚刚 跑 单,43分钟前,墨家零售商超话
jennie,北京,超话 帽子 无卡包 国际 有人 不,49分钟前,JENNIE超话
jennie,北京,一周 粉丝 数增涨 女爱豆 年 第周 郑采妍 万万 宁艺卓 万万 万 黄礼志 万 休宁 巴伊 叶万申 有娜 万万 万,54分钟前,
jennie,北京,碾压 丝滑 闯美姐 诠释 穿 少 赢,55分钟前,vivo S19 Pro
jennie,北京,眼神 不能不要 清澈 大学生 脑 喜欢 编舞 微博 视频,56分钟前,iPhone
jennie,北京,超话 有人 拼 帽子 泥巴 下单 帽子 限购 两件 运费 平摊 国内 非偏,57分钟前,JENNIE超话
jennie,北京,不成文 打喷嚏 成员 会 说 朴彩英 微博 计划 微博 视频,今天20:49,微博视频号
jennie,北京,超话 汽车 出 道 六周年 图片 视频 更新 图片 视频 下次 时间 再见 挥手 涂 指甲油 穿戴 甲微博 正文 喷泉 项链 微博 正文 蝴蝶 厂牌 蝴蝶 官方 号 蝴蝶 摄影 号 蝴蝶 蝴蝶 蝴蝶 号,今天20:47,Android
jennie,北京,饭圈 扩关 超话 私信 养铁 韩娱 吴世勋 内 娱鹿晗 叉号 队友 昼套 内娱 无雷,今天20:45,饭圈扩关超话
blackpink,广东,恭喜 声破天 流媒 突破 按键 亿拉炮 彩带 唯一 女团 不 不像 爱 自称 登顶 团出 道 快 年 一首 按键 亿流媒 歌曲 都 没,今天20:04,
blackpink,广东,超话 全世界 安利 更新 视频 地球 上 美洲 飞机 兔子 头 工作室 工作室 猫 脸 工作室 工作室 官方 官方 松鼠 团队 团队 梨 团队 团队 招新 微博 正文 微博 视频,今天20:01,BLACKPINK超话
blackpink,广东,出新 歌 写 踢踢 谢谢,今天19:59,iPhone客户端
blackpink,广东,超话 全世界 安利 官网 更新 相关 图片 多则 妈咪 兔子 头 工作室 工作室 猫 脸 工作室 工作室 官方 官方 松鼠 团队 团队 梨 团队 团队 招新 微博 正文,今天19:55,BLACKPINK超话
blackpink,广东,啰 帮忙 看 真假 朴彩 英超 话 朴彩英 周边 中转站 超话 弯仔 码头 仔 微博 视频,今天19:53,BLACKPINK超话
blackpink,广东,美国 阿拉伯 阿根廷 巴西 加拿大 墨西哥 意大利 日本 韩国 菲律宾 月刊 封面 双 感叹号 历史 第一位 横扫 全球 版本 封面 明星 超话 超话,今天19:50,BLACKPINK超话
blackpink,广东,一张 图 拿下 朴彩 英超 话,今天19:50,OPPO A96 5G
blackpink,广东,超话 超话 官 周代 挂钩 链接 见评 平台 偶像 便利店 圆 图钉 白色 黑色 短袖 小卡 汽车 包邮限狗 脸圆 图钉 小卡 套装 汽车 限狗 脸圆 图钉 运动 抽绳 包 汽车 包邮限狗 脸圆 图钉 棒球帽 汽车 包邮限狗 脸 分割线 圆 图钉 棒球帽 小卡 套装 汽车 包邮限狗 脸白 黑色 短袖 汽车 包邮限狗 脸圆 图钉 仿领 汽车 包邮限狗 脸圆 图钉 领带 汽车 包邮限狗 脸圆 图钉 汽车 限狗 脸圆 图钉 汽车 限狗 脸 线圈 日历 截止 时间 售罄 截止 警车 灯请 区分 链接 请 谨慎 仔细 下单 疑问 评论 咨询 发货 售后 相关 请 咨询 官网 客服,今天19:50,BLACKPINK超话
blackpink,广东,超话 流媒 突破 按键 亿拉炮 彩带 组合 达成 成绩 按键 首歌曲 勾号 按钮 刷新 全球 女子 组合 最 首歌曲 达成 记录 勾号 按钮 金牌 韩国 首 红色 正 三角 银牌 韩国 首 铜牌 英国 首,今天19:49,
blackpink,广东,呦 不错 超话 荣升 等级 小有名气 头衔 想 晋级 想 超话 聊聊吧,今天19:46,超话
blackpink,北京,恭喜 声破天 流媒 突破 按键 亿拉炮 彩带 唯一 女团 不 不像 爱 自称 登顶 团出 道 快 年 一首 按键 亿流媒 歌曲 都 没,今天20:04,
blackpink,北京,超话 全世界 安利 更新 视频 地球 上 美洲 飞机 兔子 头 工作室 工作室 猫 脸 工作室 工作室 官方 官方 松鼠 团队 团队 梨 团队 团队 招新 微博 正文 微博 视频,今天20:01,BLACKPINK超话
blackpink,北京,出新 歌 写 踢踢 谢谢,今天19:59,iPhone客户端
blackpink,北京,超话 全世界 安利 官网 更新 相关 图片 多则 妈咪 兔子 头 工作室 工作室 猫 脸 工作室 工作室 官方 官方 松鼠 团队 团队 梨 团队 团队 招新 微博 正文,今天19:55,BLACKPINK超话
blackpink,北京,啰 帮忙 看 真假 朴彩 英超 话 朴彩英 周边 中转站 超话 弯仔 码头 仔 微博 视频,今天19:53,BLACKPINK超话
blackpink,北京,美国 阿拉伯 阿根廷 巴西 加拿大 墨西哥 意大利 日本 韩国 菲律宾 月刊 封面 双 感叹号 历史 第一位 横扫 全球 版本 封面 明星 超话 超话,今天19:50,BLACKPINK超话
blackpink,北京,一张 图 拿下 朴彩 英超 话,今天19:50,OPPO A96 5G
blackpink,北京,超话 超话 官 周代 挂钩 链接 见评 平台 偶像 便利店 圆 图钉 白色 黑色 短袖 小卡 汽车 包邮限狗 脸圆 图钉 小卡 套装 汽车 限狗 脸圆 图钉 运动 抽绳 包 汽车 包邮限狗 脸圆 图钉 棒球帽 汽车 包邮限狗 脸 分割线 圆 图钉 棒球帽 小卡 套装 汽车 包邮限狗 脸白 黑色 短袖 汽车 包邮限狗 脸圆 图钉 仿领 汽车 包邮限狗 脸圆 图钉 领带 汽车 包邮限狗 脸圆 图钉 汽车 限狗 脸圆 图钉 汽车 限狗 脸 线圈 日历 截止 时间 售罄 截止 警车 灯请 区分 链接 请 谨慎 仔细 下单 疑问 评论 咨询 发货 售后 相关 请 咨询 官网 客服,今天19:50,BLACKPINK超话
blackpink,北京,超话 流媒 突破 按键 亿拉炮 彩带 组合 达成 成绩 按键 首歌曲 勾号 按钮 刷新 全球 女子 组合 最 首歌曲 达成 记录 勾号 按钮 金牌 韩国 首 红色 正 三角 银牌 韩国 首 铜牌 英国 首,今天19:49,
blackpink,北京,呦 不错 超话 荣升 等级 小有名气 头衔 想 晋级 想 超话 聊聊吧,今天19:46,超话
jennie,广东,超话,今天20:42,JENNIE超话
jennie,广东,太萌 叭 超 大声,今天20:42,iPhone客户端
jennie,广东,吴艳妮 超话 晚上 好 妮姐 吴艳妮 好久没 吴艳妮,今天20:41,吴艳妮超话
jennie,广东,超话,今天20:40,JENNIE超话
jennie,广东,超话 有没有 宝宝 拼 帽子 卡,今天20:40,JENNIE超话
jennie,广东,超话,今天20:39,JENNIE超话
jennie,广东,蓝心 壁纸 奶帅 奶帅 妮 喜笑颜开,今天20:38,iPhone客户端
jennie,广东,超话 两广 拼拼 邮,今天20:37,JENNIE超话
jennie,广东,扩音器 进度 播报 倒计时 两天 双 感叹号 双 感叹号 请 积极参与 联投 目标 已达成 联合 微博 正文 双 感叹号 请 尽快 手中 投票 上传 后 直至 点 刷新 前 重点 投本 赏智 旻 任意 低位 女爱豆 大赏 智旻双 感叹号 全力 冲刺 双 感叹号 投票 教程 请见 微博 正文 双 感叹号 投票 教程 请 见 反手 食指 右 指微博 正文 双 感叹号 参与 投票 请 进 反手 食指 右 指 小鸡 冲刺 群,今天20:36,iPhone 14
jennie,北京,超话,今天20:42,JENNIE超话
jennie,北京,太萌 叭 超 大声,今天20:42,iPhone客户端
jennie,北京,吴艳妮 超话 晚上 好 妮姐 吴艳妮 好久没 吴艳妮,今天20:41,吴艳妮超话
jennie,北京,超话,今天20:40,JENNIE超话
jennie,北京,超话 有没有 宝宝 拼 帽子 卡,今天20:40,JENNIE超话
jennie,北京,超话,今天20:39,JENNIE超话
jennie,北京,蓝心 壁纸 奶帅 奶帅 妮 喜笑颜开,今天20:38,iPhone客户端
jennie,北京,超话 两广 拼拼 邮,今天20:37,JENNIE超话
jennie,北京,扩音器 进度 播报 倒计时 两天 双 感叹号 双 感叹号 请 积极参与 联投 目标 已达成 联合 微博 正文 双 感叹号 请 尽快 手中 投票 上传 后 直至 点 刷新 前 重点 投本 赏智 旻 任意 低位 女爱豆 大赏 智旻双 感叹号 全力 冲刺 双 感叹号 投票 教程 请见 微博 正文 双 感叹号 投票 教程 请 见 反手 食指 右 指微博 正文 双 感叹号 参与 投票 请 进 反手 食指 右 指 小鸡 冲刺 群,今天20:36,iPhone 14
blackpink,广东,更新 视频 两则 闪亮 闪亮 环游世界 地球 上 美洲 飞机 有史以来 第一位 全球 封面 明星 讲述 全球 旅行 中 最 喜欢 时刻 见面 参加 巴黎 时装周 回顾 时光 公司 突破 更多太牛,今天19:37,微博视频号
blackpink,广东,九型 人格 小 行家 猜 团 最 喜欢 金智秀 朴彩英 申厦 蓝 郑雅譞 李茶 仁 榎 杏 纱 河 井 瑠 花,今天19:36,iPhone客户端
blackpink,广东,超话 黑心 搏动 心,今天19:35,BLACKPINK超话
blackpink,广东,九型 人格 小 行家 猜 团 最 喜欢 太郎 宋银硕 郑成 灿朴 元彬 李炤熙 李灿荣 朴成 淏 李常赫明 宰铉 韩东旼金桐 儇 金云鹤 李上 渊 裴俊英 金泳 勋李 贤 李柱 延文炯书 崔 澯 熙 池 昌 民 周 鹤 年 金 善 旴 孙 英 宰 崔 玹 硕 朴 志 焄 金 芳 典 金 俊 奎 尹 材 赫 滨 田 光 金 道 荣 渡边 温斗 朴 炡 禹 苏 庭 焕 金智秀 朴彩英 申厦 蓝 郑雅譞 李茶 仁 榎 杏 纱 河 井 瑠 花,今天19:33,iPhone客户端
blackpink,广东,韩娱 跳蚤市场 超话 想要 无卡 全套 专辑 未 拆想 摆 圣诞树 亲亲 猫 双 感叹号,今天19:31,韩娱跳蚤市场超话
blackpink,广东,超话 女永一 更新 相关 配文 世界 地球 上 亚洲 澳洲 头晕 杂志 有史以来 首位 一次性 登上 十个 国家 地区 杂志 封面 全球 明星 包含 阿拉伯 巴西 西班牙 澳大利亚 拉丁 意大利 日本 韩国 加拿大 菲律宾 队友 全球 拥有 超高 影响力 这股 影响力 放在 事业 上 还 树立 新 成功 榜样,今天19:26,BLACKPINK超话
blackpink,广东,九型 人格 小 行家 猜 团 最 喜欢,今天19:22,iPhone客户端
blackpink,北京,更新 视频 两则 闪亮 闪亮 环游世界 地球 上 美洲 飞机 有史以来 第一位 全球 封面 明星 讲述 全球 旅行 中 最 喜欢 时刻 见面 参加 巴黎 时装周 回顾 时光 公司 突破 更多太牛,今天19:37,微博视频号
blackpink,北京,九型 人格 小 行家 猜 团 最 喜欢 金智秀 朴彩英 申厦 蓝 郑雅譞 李茶 仁 榎 杏 纱 河 井 瑠 花,今天19:36,iPhone客户端
blackpink,北京,超话 黑心 搏动 心,今天19:35,BLACKPINK超话
blackpink,北京,九型 人格 小 行家 猜 团 最 喜欢 太郎 宋银硕 郑成 灿朴 元彬 李炤熙 李灿荣 朴成 淏 李常赫明 宰铉 韩东旼金桐 儇 金云鹤 李上 渊 裴俊英 金泳 勋李 贤 李柱 延文炯书 崔 澯 熙 池 昌 民 周 鹤 年 金 善 旴 孙 英 宰 崔 玹 硕 朴 志 焄 金 芳 典 金 俊 奎 尹 材 赫 滨 田 光 金 道 荣 渡边 温斗 朴 炡 禹 苏 庭 焕 金智秀 朴彩英 申厦 蓝 郑雅譞 李茶 仁 榎 杏 纱 河 井 瑠 花,今天19:33,iPhone客户端
blackpink,北京,韩娱 跳蚤市场 超话 想要 无卡 全套 专辑 未 拆想 摆 圣诞树 亲亲 猫 双 感叹号,今天19:31,韩娱跳蚤市场超话
blackpink,北京,超话 女永一 更新 相关 配文 世界 地球 上 亚洲 澳洲 头晕 杂志 有史以来 首位 一次性 登上 十个 国家 地区 杂志 封面 全球 明星 包含 阿拉伯 巴西 西班牙 澳大利亚 拉丁 意大利 日本 韩国 加拿大 菲律宾 队友 全球 拥有 超高 影响力 这股 影响力 放在 事业 上 还 树立 新 成功 榜样,今天19:26,BLACKPINK超话
blackpink,北京,九型 人格 小 行家 猜 团 最 喜欢,今天19:22,iPhone客户端
jennie,广东,超话 蹲 蹲 江浙沪 车主 想要 拼 一个 邮费 买 卡册,今天20:34,JENNIE超话
jennie,广东,超话 宝宝 卡册 卡,今天20:34,JENNIE超话
jennie,广东,超话 勾号 按钮,今天20:33,JENNIE超话
jennie,广东,超话 买 小妮 同款 支持 女永一,今天20:29,JENNIE超话
jennie,广东,超话 好 可爱,今天20:29,JENNIE超话
jennie,广东,超话 好 漂亮 恳求 脸 恳求 脸,今天20:25,JENNIE超话
jennie,广东,美美 购入 同款 斜眼 笑 反手 食指 向下 指 较浅 肤色,今天20:19,iPhone 16 Pro Max
jennie,广东,超话 号 投票 备忘录,今天20:16,JENNIE超话
jennie,广东,超话 倒数 第二天 投票 请 务必 参与,今天20:16,JENNIE超话
jennie,北京,超话 蹲 蹲 江浙沪 车主 想要 拼 一个 邮费 买 卡册,今天20:34,JENNIE超话
jennie,北京,超话 宝宝 卡册 卡,今天20:34,JENNIE超话
jennie,北京,超话 勾号 按钮,今天20:33,JENNIE超话
jennie,北京,超话 买 小妮 同款 支持 女永一,今天20:29,JENNIE超话
jennie,北京,超话 好 可爱,今天20:29,JENNIE超话
jennie,北京,超话 好 漂亮 恳求 脸 恳求 脸,今天20:25,JENNIE超话
jennie,北京,美美 购入 同款 斜眼 笑 反手 食指 向下 指 较浅 肤色,今天20:19,iPhone 16 Pro Max
jennie,北京,超话 号 投票 备忘录,今天20:16,JENNIE超话
jennie,北京,超话 倒数 第二天 投票 请 务必 参与,今天20:16,JENNIE超话
blackpink,广东,墨家 零售商 超话 首尔 世巡安 可场 周 套装 照片 未 拆包,今天19:16,墨家零售商超话
blackpink,广东,超话 超话 官 周代 挂钩 链接 见评 平台 偶像 便利店 圆 图钉 白色 黑色 短袖 小卡 汽车 包邮限狗 脸圆 图钉 小卡 套装 汽车 限狗 脸圆 图钉 运动 抽绳 包 汽车 包邮限狗 脸圆 图钉 棒球帽 汽车 包邮限狗 脸 分割线 圆 图钉 棒球帽 小卡 套装 汽车 包邮限狗 脸白 黑色 短袖 汽车 包邮限狗 脸圆 图钉 仿领 汽车 包邮限狗 脸圆 图钉 领带 汽车 包邮限狗 脸圆 图钉 汽车 限狗 脸圆 图钉 汽车 限狗 脸 线圈 日历 截止 时间 售罄 截止 警车 灯请 区分 链接 请 谨慎 仔细 下单 疑问 评论 咨询 发货 售后 相关 请 咨询 官网 客服,今天19:08,BLACKPINK超话
blackpink,广东,超话 太萌,今天19:05,BLACKPINK超话
blackpink,广东,爱 剧 梦幻 联动 喜笑颜开 朴彩英 胜利 手势 胜利 手势,今天19:04,Android
blackpink,广东,超话 全世界 安利 更新 相关 兔子 头 工作室 工作室 猫 脸 工作室 工作室 官方 官方 松鼠 团队 团队 梨 团队 团队 招新 微博 正文 资源 微博 视频,今天18:59,BLACKPINK超话
blackpink,广东,超话 全世界 安利 更新 相关 照片 兔子 头 工作室 工作室 猫 脸 工作室 工作室 官方 官方 松鼠 团队 团队 梨 团队 团队 招新 微博 正文 资源,今天18:58,BLACKPINK超话
blackpink,北京,墨家 零售商 超话 首尔 世巡安 可场 周 套装 照片 未 拆包,今天19:16,墨家零售商超话
blackpink,北京,超话 超话 官 周代 挂钩 链接 见评 平台 偶像 便利店 圆 图钉 白色 黑色 短袖 小卡 汽车 包邮限狗 脸圆 图钉 小卡 套装 汽车 限狗 脸圆 图钉 运动 抽绳 包 汽车 包邮限狗 脸圆 图钉 棒球帽 汽车 包邮限狗 脸 分割线 圆 图钉 棒球帽 小卡 套装 汽车 包邮限狗 脸白 黑色 短袖 汽车 包邮限狗 脸圆 图钉 仿领 汽车 包邮限狗 脸圆 图钉 领带 汽车 包邮限狗 脸圆 图钉 汽车 限狗 脸圆 图钉 汽车 限狗 脸 线圈 日历 截止 时间 售罄 截止 警车 灯请 区分 链接 请 谨慎 仔细 下单 疑问 评论 咨询 发货 售后 相关 请 咨询 官网 客服,今天19:08,BLACKPINK超话
blackpink,北京,超话 太萌,今天19:05,BLACKPINK超话
blackpink,北京,爱 剧 梦幻 联动 喜笑颜开 朴彩英 胜利 手势 胜利 手势,今天19:04,Android
blackpink,北京,超话 全世界 安利 更新 相关 兔子 头 工作室 工作室 猫 脸 工作室 工作室 官方 官方 松鼠 团队 团队 梨 团队 团队 招新 微博 正文 资源 微博 视频,今天18:59,BLACKPINK超话
blackpink,北京,超话 全世界 安利 更新 相关 照片 兔子 头 工作室 工作室 猫 脸 工作室 工作室 官方 官方 松鼠 团队 团队 梨 团队 团队 招新 微博 正文 资源,今天18:58,BLACKPINK超话
jennie,广东,这是 官宣 孕期 爱 当宝妈 好 勇敢 金泰 亨 好好,今天20:15,
jennie,广东,超话 有没有 宝宝 这条 黑 裤子 素 牌子,今天20:11,JENNIE超话
jennie,广东,音乐,今天20:04,iPhone客户端
jennie,广东,超话 刚刚 刷 发现 有人 这条 音频 有贝贝 这素 年 啊啊啊 漏掉 消息 忍住 泪水 好听,今天20:03,JENNIE超话
jennie,广东,超话 宣宣新 周边 余量,今天20:02,JENNIE超话
jennie,广东,网易 云 音乐,今天20:01,iPhone客户端
jennie,广东,海报 合拍 小紅花,今天19:57,iPhone客户端
jennie,广东,超话 双 感叹号 双 感叹号 双 感叹号 按钮 联投 进度 播报 晚上 好 今日 进度 已达 投完 记得 上传 妮粉 双人 投妮 单人 投 教程 微博 正文 连衣裙 豚儿 换票 二群,今天19:57,JENNIE超话
jennie,北京,这是 官宣 孕期 爱 当宝妈 好 勇敢 金泰 亨 好好,今天20:15,
jennie,北京,超话 有没有 宝宝 这条 黑 裤子 素 牌子,今天20:11,JENNIE超话
jennie,北京,音乐,今天20:04,iPhone客户端
jennie,北京,超话 刚刚 刷 发现 有人 这条 音频 有贝贝 这素 年 啊啊啊 漏掉 消息 忍住 泪水 好听,今天20:03,JENNIE超话
jennie,北京,超话 宣宣新 周边 余量,今天20:02,JENNIE超话
jennie,北京,网易 云 音乐,今天20:01,iPhone客户端
jennie,北京,海报 合拍 小紅花,今天19:57,iPhone客户端
jennie,北京,超话 双 感叹号 双 感叹号 双 感叹号 按钮 联投 进度 播报 晚上 好 今日 进度 已达 投完 记得 上传 妮粉 双人 投妮 单人 投 教程 微博 正文 连衣裙 豚儿 换票 二群,今天19:57,JENNIE超话
blackpink,广东,超话 全世界 安利 更新 相关 雅加达 粉丝 见面会 倒计时 兔子 头 工作室 工作室 猫 脸 工作室 工作室 官方 官方 松鼠 团队 团队 梨 团队 团队 招新 微博 正文 资源,今天18:54,BLACKPINK超话
blackpink,广东,我要 去 蹦 内场 大号,今天18:51,桃子面包人iPhone 14 Pro
blackpink,广东,超话 恭喜 肉肉 独立 收听 突破 按键 按键 按键 万 火焰,今天18:51,BLACKPINK超话
blackpink,广东,超话 正面 朝向 小鸡 更新 相关,今天18:51,BLACKPINK超话
blackpink,广东,出物 超话 两张 秀 特典 有人 收 走,今天18:41,blackpink出物超话
blackpink,广东,超话 大笑 猫 更新 勤快 更新 小猫,今天18:28,BLACKPINK超话
blackpink,广东,奴婢 般的 能力 搭配 霸气 侧漏 脾气 嬷羽爽 好 两次 想 模仿 結果 變時 這樣 蔻 泰 爆炒 乡村 基之猛 坐 升职 器版 好 吓人 光明 奶奶 子 耳朵 喷血 迷你 世界 奶龙 耳朵 笑 死 香 扔 儿 小 蝴蝶 宝宝 大姨妈 笑 测漏,今天18:17,iPhone客户端
blackpink,广东,超话 猫 脸 更新 图片 视频 下次 时间 再见 挥手,今天18:15,BLACKPINK超话
blackpink,广东,超话 记录 制造机 希望 一年 辛苦 奔波 少 严厉 所爱 享受 琐碎 平常 幸福 瞬间 一年 欢呼 庆祝 朴彩英,今天18:11,BLACKPINK超话
blackpink,北京,超话 全世界 安利 更新 相关 雅加达 粉丝 见面会 倒计时 兔子 头 工作室 工作室 猫 脸 工作室 工作室 官方 官方 松鼠 团队 团队 梨 团队 团队 招新 微博 正文 资源,今天18:54,BLACKPINK超话
blackpink,北京,我要 去 蹦 内场 大号,今天18:51,桃子面包人iPhone 14 Pro
blackpink,北京,超话 恭喜 肉肉 独立 收听 突破 按键 按键 按键 万 火焰,今天18:51,BLACKPINK超话
blackpink,北京,超话 正面 朝向 小鸡 更新 相关,今天18:51,BLACKPINK超话
blackpink,北京,出物 超话 两张 秀 特典 有人 收 走,今天18:41,blackpink出物超话
blackpink,北京,超话 大笑 猫 更新 勤快 更新 小猫,今天18:28,BLACKPINK超话
blackpink,北京,奴婢 般的 能力 搭配 霸气 侧漏 脾气 嬷羽爽 好 两次 想 模仿 結果 變時 這樣 蔻 泰 爆炒 乡村 基之猛 坐 升职 器版 好 吓人 光明 奶奶 子 耳朵 喷血 迷你 世界 奶龙 耳朵 笑 死 香 扔 儿 小 蝴蝶 宝宝 大姨妈 笑 测漏,今天18:17,iPhone客户端
blackpink,北京,超话 猫 脸 更新 图片 视频 下次 时间 再见 挥手,今天18:15,BLACKPINK超话
blackpink,北京,超话 记录 制造机 希望 一年 辛苦 奔波 少 严厉 所爱 享受 琐碎 平常 幸福 瞬间 一年 欢呼 庆祝 朴彩英,今天18:11,BLACKPINK超话
jennie,广东,超话 老师 想 问 妮 上 过音 综吗,今天19:55,JENNIE超话
jennie,广东,超话 全世界 安利 官网 更新 相关 图片 多则 妈咪 兔子 头 工作室 工作室 猫 脸 工作室 工作室 官方 官方 松鼠 团队 团队 梨 团队 团队 招新 微博 正文,今天19:55,BLACKPINK超话
jennie,广东,紫心 女永一 世界 上 最 暖和 地方 天空 树 顶上,今天19:53,JENNIE超话
jennie,广东,真的 真的 很 喜欢 这张 头像 正 能量 扑面而来 色调 暖暖的 感觉 很 招财 看着 很 舒服 希望 十一月 财运,今天19:53,iPhone客户端
jennie,广东,真的 很 喜欢 摆烂 松弛 感摆烂 人 共鸣,今天19:52,iPhone客户端
jennie,广东,超话 周边 拼车 余量 日记本 一本 包 国际 后期 收 价格 肯定 贵 入手 很 划算 值得 收藏 走过 路过 错过 入手 一本 烟花 烟花 烟花,今天19:52,JENNIE超话
jennie,广东,超话 超话 官 周代 挂钩 链接 见评 平台 偶像 便利店 圆 图钉 白色 黑色 短袖 小卡 汽车 包邮限狗 脸圆 图钉 小卡 套装 汽车 限狗 脸圆 图钉 运动 抽绳 包 汽车 包邮限狗 脸圆 图钉 棒球帽 汽车 包邮限狗 脸 分割线 圆 图钉 棒球帽 小卡 套装 汽车 包邮限狗 脸白 黑色 短袖 汽车 包邮限狗 脸圆 图钉 仿领 汽车 包邮限狗 脸圆 图钉 领带 汽车 包邮限狗 脸圆 图钉 汽车 限狗 脸圆 图钉 汽车 限狗 脸 线圈 日历 截止 时间 售罄 截止 警车 灯请 区分 链接 请 谨慎 仔细 下单 疑问 评论 咨询 发货 售后 相关 请 咨询 官网 客服,今天19:50,BLACKPINK超话
jennie,广东,自拍 分享 权娜妍 金智妮 卢知 宣 卢 玧,今天19:49,iPhone客户端
jennie,广东,金 珍妮 镁光灯 背后 治愈 弯 月 很 喜欢 每次 都 会 感到 害怕 第一次 接触 冷水浴 身体 心灵 都 像是 下 重启 按钮 游戏 操控 杆 不仅仅 初学者 运气 努力 去 拥抱 紧张 缓解 疼痛 都 感到 自豪 公主 较浅 肤色 微博 视频,今天19:48,微博视频号
jennie,北京,超话 老师 想 问 妮 上 过音 综吗,今天19:55,JENNIE超话
jennie,北京,超话 全世界 安利 官网 更新 相关 图片 多则 妈咪 兔子 头 工作室 工作室 猫 脸 工作室 工作室 官方 官方 松鼠 团队 团队 梨 团队 团队 招新 微博 正文,今天19:55,BLACKPINK超话
jennie,北京,紫心 女永一 世界 上 最 暖和 地方 天空 树 顶上,今天19:53,JENNIE超话
jennie,北京,真的 真的 很 喜欢 这张 头像 正 能量 扑面而来 色调 暖暖的 感觉 很 招财 看着 很 舒服 希望 十一月 财运,今天19:53,iPhone客户端
jennie,北京,真的 很 喜欢 摆烂 松弛 感摆烂 人 共鸣,今天19:52,iPhone客户端
jennie,北京,超话 周边 拼车 余量 日记本 一本 包 国际 后期 收 价格 肯定 贵 入手 很 划算 值得 收藏 走过 路过 错过 入手 一本 烟花 烟花 烟花,今天19:52,JENNIE超话
jennie,北京,超话 超话 官 周代 挂钩 链接 见评 平台 偶像 便利店 圆 图钉 白色 黑色 短袖 小卡 汽车 包邮限狗 脸圆 图钉 小卡 套装 汽车 限狗 脸圆 图钉 运动 抽绳 包 汽车 包邮限狗 脸圆 图钉 棒球帽 汽车 包邮限狗 脸 分割线 圆 图钉 棒球帽 小卡 套装 汽车 包邮限狗 脸白 黑色 短袖 汽车 包邮限狗 脸圆 图钉 仿领 汽车 包邮限狗 脸圆 图钉 领带 汽车 包邮限狗 脸圆 图钉 汽车 限狗 脸圆 图钉 汽车 限狗 脸 线圈 日历 截止 时间 售罄 截止 警车 灯请 区分 链接 请 谨慎 仔细 下单 疑问 评论 咨询 发货 售后 相关 请 咨询 官网 客服,今天19:50,BLACKPINK超话
jennie,北京,自拍 分享 权娜妍 金智妮 卢知 宣 卢 玧,今天19:49,iPhone客户端
jennie,北京,金 珍妮 镁光灯 背后 治愈 弯 月 很 喜欢 每次 都 会 感到 害怕 第一次 接触 冷水浴 身体 心灵 都 像是 下 重启 按钮 游戏 操控 杆 不仅仅 初学者 运气 努力 去 拥抱 紧张 缓解 疼痛 都 感到 自豪 公主 较浅 肤色 微博 视频,今天19:48,微博视频号
blackpink,广东,人气 女团 成员 新 歌大 成功 引爆 模仿 热潮 接连 出演 热门 综艺节目 人 期待 听到 现场 演出 已 返回 韩国 国内 活动 首秀 节目 选择 国民 刘在 锡 主持 访谈 节目 刘已 昨天 录制 完毕 期待 大神 深度 访谈 韩媒 独家报导 接下来 还会 出演 李泳知 音乐 类 访谈 节目 李泳知 彩虹 特别 舞台 网友 好奇 期待 月 日 发行 新歌 后 还 展示 舞台 表演 这次 透过 李泳知 彩虹 节目 上用 舞台 大众 交流 展示 音乐 故事 备受瞩目 流行 巨星 火星人 布鲁诺 合作 演唱 公寓 登上 排行榜 第位 女性 歌手 中 成绩 超越 团体 名义 创下 成绩 站 女歌手 未曾 巅峰 位置 意义 非凡 已 累积 亿 观看 次数 零 宣传 情况 下纯用 音乐 魅力 征服 听众 业界 人士 深感 佩服,今天17:59,人间清醒大师
blackpink,广东,出物 超话 钥匙扣 莎 未 拆 有人,今天17:57,blackpink出物超话
blackpink,广东,超话 全世界 安利 更新 照片 挥手 兔子 头 工作室 工作室 猫 脸 工作室 工作室 官方 官方 松鼠 团队 团队 梨 团队 团队 招新 微博 正文 资源,今天17:54,BLACKPINK超话
blackpink,广东,更新 照片 配文 挥手 超话 超话 注 作品 出自,今天17:47,JENNIE超话
blackpink,广东,粉丝 放过 小 兰花 没 抢 热度 难过 虞书欣 关系 两个 同担 讨厌 请 去 音乐 搜索 去 评论 区 骂,今天17:45,
blackpink,广东,超话 恭喜 肉肉 油管 音乐 流媒 突破 按键 亿 火焰,今天17:45,BLACKPINK超话
blackpink,广东,时间 过得 好 快 很多 人 说 上次 拍 团体 团综 霍金 还 萝莉 岛上,今天17:43,
blackpink,广东,周边 中转站 出 统一 一张 非偏 邮费 统一,今天17:33,HUAWEI Mate 40E
blackpink,广东,喜欢 收集 花絮,今天17:30,微博网页版
blackpink,广东,超话 小鸡 破壳 更新 资源 薯条,今天17:28,BLACKPINK超话
blackpink,北京,人气 女团 成员 新 歌大 成功 引爆 模仿 热潮 接连 出演 热门 综艺节目 人 期待 听到 现场 演出 已 返回 韩国 国内 活动 首秀 节目 选择 国民 刘在 锡 主持 访谈 节目 刘已 昨天 录制 完毕 期待 大神 深度 访谈 韩媒 独家报导 接下来 还会 出演 李泳知 音乐 类 访谈 节目 李泳知 彩虹 特别 舞台 网友 好奇 期待 月 日 发行 新歌 后 还 展示 舞台 表演 这次 透过 李泳知 彩虹 节目 上用 舞台 大众 交流 展示 音乐 故事 备受瞩目 流行 巨星 火星人 布鲁诺 合作 演唱 公寓 登上 排行榜 第位 女性 歌手 中 成绩 超越 团体 名义 创下 成绩 站 女歌手 未曾 巅峰 位置 意义 非凡 已 累积 亿 观看 次数 零 宣传 情况 下纯用 音乐 魅力 征服 听众 业界 人士 深感 佩服,今天17:59,人间清醒大师
blackpink,北京,出物 超话 钥匙扣 莎 未 拆 有人,今天17:57,blackpink出物超话
blackpink,北京,超话 全世界 安利 更新 照片 挥手 兔子 头 工作室 工作室 猫 脸 工作室 工作室 官方 官方 松鼠 团队 团队 梨 团队 团队 招新 微博 正文 资源,今天17:54,BLACKPINK超话
blackpink,北京,更新 照片 配文 挥手 超话 超话 注 作品 出自,今天17:47,JENNIE超话
blackpink,北京,粉丝 放过 小 兰花 没 抢 热度 难过 虞书欣 关系 两个 同担 讨厌 请 去 音乐 搜索 去 评论 区 骂,今天17:45,
blackpink,北京,超话 恭喜 肉肉 油管 音乐 流媒 突破 按键 亿 火焰,今天17:45,BLACKPINK超话
blackpink,北京,时间 过得 好 快 很多 人 说 上次 拍 团体 团综 霍金 还 萝莉 岛上,今天17:43,
blackpink,北京,周边 中转站 出 统一 一张 非偏 邮费 统一,今天17:33,HUAWEI Mate 40E
blackpink,北京,喜欢 收集 花絮,今天17:30,微博网页版
blackpink,北京,超话 小鸡 破壳 更新 资源 薯条,今天17:28,BLACKPINK超话
jennie,广东,超话 超话 连续 签到 天 百看不厌 久 处亦欢,今天19:47,JENNIE超话
jennie,广东,这是 真空 眼花,今天19:47,微博网页版
jennie,广东,金智妮 波浪 型 破折号 近期 更新,今天19:47,JENNIE超话
jennie,广东,袁一琦 跳 新歌 豹子 袁一琦是 懂 人情世故 哇塞 塞 梦幻 联动 好 可爱 下雨天 坏 情绪 微博 视频,今天19:44,微博视频号
jennie,广东,活着 看 欧尼 跳舞 微博 视频,今天19:41,JENNIE超话
jennie,广东,九型 人格 小 行家 猜 团 最 喜欢 金智秀 朴彩英 申厦 蓝 郑雅譞 李茶 仁 榎 杏 纱 河 井 瑠 花,今天19:36,iPhone客户端
jennie,广东,超话,今天19:35,JENNIE超话
jennie,广东,这辈子 保护 好 脸颊 肉,今天19:34,JENNIE超话
jennie,广东,九型 人格 小 行家 猜 团 最 喜欢 太郎 宋银硕 郑成 灿朴 元彬 李炤熙 李灿荣 朴成 淏 李常赫明 宰铉 韩东旼金桐 儇 金云鹤 李上 渊 裴俊英 金泳 勋李 贤 李柱 延文炯书 崔 澯 熙 池 昌 民 周 鹤 年 金 善 旴 孙 英 宰 崔 玹 硕 朴 志 焄 金 芳 典 金 俊 奎 尹 材 赫 滨 田 光 金 道 荣 渡边 温斗 朴 炡 禹 苏 庭 焕 金智秀 朴彩英 申厦 蓝 郑雅譞 李茶 仁 榎 杏 纱 河 井 瑠 花,今天19:33,iPhone客户端
jennie,北京,超话 超话 连续 签到 天 百看不厌 久 处亦欢,今天19:47,JENNIE超话
jennie,北京,这是 真空 眼花,今天19:47,微博网页版
jennie,北京,金智妮 波浪 型 破折号 近期 更新,今天19:47,JENNIE超话
jennie,北京,袁一琦 跳 新歌 豹子 袁一琦是 懂 人情世故 哇塞 塞 梦幻 联动 好 可爱 下雨天 坏 情绪 微博 视频,今天19:44,微博视频号
jennie,北京,活着 看 欧尼 跳舞 微博 视频,今天19:41,JENNIE超话
jennie,北京,九型 人格 小 行家 猜 团 最 喜欢 金智秀 朴彩英 申厦 蓝 郑雅譞 李茶 仁 榎 杏 纱 河 井 瑠 花,今天19:36,iPhone客户端
jennie,北京,超话,今天19:35,JENNIE超话
jennie,北京,这辈子 保护 好 脸颊 肉,今天19:34,JENNIE超话
jennie,北京,九型 人格 小 行家 猜 团 最 喜欢 太郎 宋银硕 郑成 灿朴 元彬 李炤熙 李灿荣 朴成 淏 李常赫明 宰铉 韩东旼金桐 儇 金云鹤 李上 渊 裴俊英 金泳 勋李 贤 李柱 延文炯书 崔 澯 熙 池 昌 民 周 鹤 年 金 善 旴 孙 英 宰 崔 玹 硕 朴 志 焄 金 芳 典 金 俊 奎 尹 材 赫 滨 田 光 金 道 荣 渡边 温斗 朴 炡 禹 苏 庭 焕 金智秀 朴彩英 申厦 蓝 郑雅譞 李茶 仁 榎 杏 纱 河 井 瑠 花,今天19:33,iPhone客户端
blackpink,广东,超话 猫 脸 更新 资源 薯条,今天17:24,BLACKPINK超话
blackpink,广东,超话 韩网 消息 二则 出演 音乐 综艺 拍摄 还 未 确认 出演 特别 舞台 中 女子 组合 成员 出演 日 独家 采访 结果显示 参与 日 录制,今天17:23,BLACKPINK超话
blackpink,广东,超话,今天17:23,BLACKPINK超话
blackpink,广东,超话,今天17:23,BLACKPINK超话
blackpink,广东,超话,今天17:23,BLACKPINK超话
blackpink,广东,超话,今天17:23,BLACKPINK超话
blackpink,广东,横空出世,今天17:20,
blackpink,广东,超话 全世界 安利 更新 兔子 头 工作室 工作室 猫 脸 工作室 工作室 官方 官方 松鼠 团队 团队 梨 团队 团队 招新 微博 正文 资源,今天16:36,BLACKPINK超话
blackpink,广东,金智秀 超话 门面 一刻 真 白叫 忍住 泪水 花痴 金智秀 这张 脸 可不是 开玩笑 金智秀 氛围 感 壁纸 顶得住,今天16:25,金智秀超话
blackpink,北京,超话 猫 脸 更新 资源 薯条,今天17:24,BLACKPINK超话
blackpink,北京,超话 韩网 消息 二则 出演 音乐 综艺 拍摄 还 未 确认 出演 特别 舞台 中 女子 组合 成员 出演 日 独家 采访 结果显示 参与 日 录制,今天17:23,BLACKPINK超话
blackpink,北京,超话,今天17:23,BLACKPINK超话
blackpink,北京,超话,今天17:23,BLACKPINK超话
blackpink,北京,超话,今天17:23,BLACKPINK超话
blackpink,北京,超话,今天17:23,BLACKPINK超话
blackpink,北京,横空出世,今天17:20,
blackpink,北京,超话 全世界 安利 更新 兔子 头 工作室 工作室 猫 脸 工作室 工作室 官方 官方 松鼠 团队 团队 梨 团队 团队 招新 微博 正文 资源,今天16:36,BLACKPINK超话
blackpink,北京,金智秀 超话 门面 一刻 真 白叫 忍住 泪水 花痴 金智秀 这张 脸 可不是 开玩笑 金智秀 氛围 感 壁纸 顶得住,今天16:25,金智秀超话
jennie,广东,九型 人格 小 行家 猜 团 最 喜欢 金智秀 朴彩英 申厦 蓝 郑雅譞 李茶 仁 榎 杏 纱 河 井 瑠 花,今天19:36,iPhone客户端
jennie,广东,超话,今天19:35,JENNIE超话
jennie,广东,这辈子 保护 好 脸颊 肉,今天19:34,JENNIE超话
jennie,广东,九型 人格 小 行家 猜 团 最 喜欢 太郎 宋银硕 郑成 灿朴 元彬 李炤熙 李灿荣 朴成 淏 李常赫明 宰铉 韩东旼金桐 儇 金云鹤 李上 渊 裴俊英 金泳 勋李 贤 李柱 延文炯书 崔 澯 熙 池 昌 民 周 鹤 年 金 善 旴 孙 英 宰 崔 玹 硕 朴 志 焄 金 芳 典 金 俊 奎 尹 材 赫 滨 田 光 金 道 荣 渡边 温斗 朴 炡 禹 苏 庭 焕 金智秀 朴彩英 申厦 蓝 郑雅譞 李茶 仁 榎 杏 纱 河 井 瑠 花,今天19:33,iPhone客户端
jennie,广东,闺蜜 时髦 好物 分享 女孩子 冬天 就要 穿 暖暖和和 可爱 爱同款 羽绒服 牛仔 质感 很 个性 搭配 黑色 提花 长裤 一分 率性 满级 穿 搭 灵感,今天19:31,
jennie,广东,超话 新歌 图片 视频 更新 图片 视频 配文 下次 时间 再见 挥手,今天19:29,JENNIE超话
jennie,广东,袁一琦是 懂 人情世故 袁一琦 跳 新歌,今天19:24,iPhone客户端
jennie,广东,袁一琦 跳 新 歌爽,今天19:22,Android
jennie,北京,九型 人格 小 行家 猜 团 最 喜欢 金智秀 朴彩英 申厦 蓝 郑雅譞 李茶 仁 榎 杏 纱 河 井 瑠 花,今天19:36,iPhone客户端
jennie,北京,超话,今天19:35,JENNIE超话
jennie,北京,这辈子 保护 好 脸颊 肉,今天19:34,JENNIE超话
jennie,北京,九型 人格 小 行家 猜 团 最 喜欢 太郎 宋银硕 郑成 灿朴 元彬 李炤熙 李灿荣 朴成 淏 李常赫明 宰铉 韩东旼金桐 儇 金云鹤 李上 渊 裴俊英 金泳 勋李 贤 李柱 延文炯书 崔 澯 熙 池 昌 民 周 鹤 年 金 善 旴 孙 英 宰 崔 玹 硕 朴 志 焄 金 芳 典 金 俊 奎 尹 材 赫 滨 田 光 金 道 荣 渡边 温斗 朴 炡 禹 苏 庭 焕 金智秀 朴彩英 申厦 蓝 郑雅譞 李茶 仁 榎 杏 纱 河 井 瑠 花,今天19:33,iPhone客户端
jennie,北京,闺蜜 时髦 好物 分享 女孩子 冬天 就要 穿 暖暖和和 可爱 爱同款 羽绒服 牛仔 质感 很 个性 搭配 黑色 提花 长裤 一分 率性 满级 穿 搭 灵感,今天19:31,
jennie,北京,超话 新歌 图片 视频 更新 图片 视频 配文 下次 时间 再见 挥手,今天19:29,JENNIE超话
jennie,北京,袁一琦是 懂 人情世故 袁一琦 跳 新歌,今天19:24,iPhone客户端
jennie,北京,袁一琦 跳 新 歌爽,今天19:22,Android
blackpink,广东,转载 微博 图片,今天16:10,iPhone客户端
blackpink,广东,超话 全世界 安利 更新 相关 兔子 头 工作室 工作室 猫 脸 工作室 工作室 官方 官方 松鼠 团队 团队 梨 团队 团队 招新 微博 正文 资源,今天16:10,BLACKPINK超话
blackpink,广东,私 音乐 一首 洗脑 神曲 席卷 全球 强势 逆袭 超级女 团 单飞 后 首波 对抗 究竟 赢 释不归 微博 视频,今天16:08,微博视频号
blackpink,广东,朴彩英 呼呼,今天15:55,iPhone客户端
blackpink,广东,明年 想 看 周杰伦 裁缝 铺,今天15:30,iPhone客户端
blackpink,广东,超话 帖,今天15:25,BLACKPINK超话
blackpink,广东,剧本 社 独家 采访 结果显示 日 参加 节目 录制 首次 出演 节目 成员 迎来 出 道 周年 节目 中 回顾 成员 歌手 活动 历程 主持人 刘在石 曹世镐 有趣 对话 该期 节目 月份 播出,今天15:18,人间清醒大师
blackpink,广东,想 去 看 年 三 巡,今天15:18,iPhone客户端
blackpink,广东,超话 手机 壁纸 壁纸 金 珍妮 金智妮,今天15:17,JENNIE超话
blackpink,广东,线圈 日历 超话,今天15:04,BLACKPINK超话
blackpink,北京,转载 微博 图片,今天16:10,iPhone客户端
blackpink,北京,超话 全世界 安利 更新 相关 兔子 头 工作室 工作室 猫 脸 工作室 工作室 官方 官方 松鼠 团队 团队 梨 团队 团队 招新 微博 正文 资源,今天16:10,BLACKPINK超话
blackpink,北京,私 音乐 一首 洗脑 神曲 席卷 全球 强势 逆袭 超级女 团 单飞 后 首波 对抗 究竟 赢 释不归 微博 视频,今天16:08,微博视频号
blackpink,北京,朴彩英 呼呼,今天15:55,iPhone客户端
blackpink,北京,明年 想 看 周杰伦 裁缝 铺,今天15:30,iPhone客户端
blackpink,北京,超话 帖,今天15:25,BLACKPINK超话
blackpink,北京,剧本 社 独家 采访 结果显示 日 参加 节目 录制 首次 出演 节目 成员 迎来 出 道 周年 节目 中 回顾 成员 歌手 活动 历程 主持人 刘在石 曹世镐 有趣 对话 该期 节目 月份 播出,今天15:18,人间清醒大师
blackpink,北京,想 去 看 年 三 巡,今天15:18,iPhone客户端
blackpink,北京,超话 手机 壁纸 壁纸 金 珍妮 金智妮,今天15:17,JENNIE超话
blackpink,北京,线圈 日历 超话,今天15:04,BLACKPINK超话
jennie,广东,超话 日记本 拼车 有没有 上车 宝子 国内 邮非 偏元,今天19:22,JENNIE超话
jennie,广东,墨家 零售商 超话 新 周边 拼拼,今天19:21,墨家零售商超话
jennie,广东,超话 卡册 拼拼 包 国际 各鱼,今天19:20,JENNIE超话
jennie,广东,超话 快来 投票 剩 今明两天 投票 流程 非常简单 教,今天19:19,iPhone客户端
jennie,广东,妮妮 同款 德训 鞋 黑心 拥有 一款 联名 实在 太 好看 马毛 很 特别 质感 黑白 配色 经典 好 搭 翻盖 鞋舌 毫无 抵抗力 脚感 挺不错 码子 正 不 偏美到 穿 上 不想 脱,今天19:16,首单有礼★iPhone 13
jennie,广东,超话 金 珍妮 金智妮 超话 金 珍妮 金 珍妮 可爱 本体 超话 金 珍妮,今天19:16,JENNIE超话
jennie,广东,妮妮 专辑 出 买 专辑 先买 周边 家 超话,今天19:15,JENNIE超话
jennie,广东,超话 几天 真的 幸福 死 女永一,今天19:12,JENNIE超话
jennie,广东,超话 新 周边 余量 帽子 卡卡 册卡 两张 国内 邮费 非偏,今天19:10,JENNIE超话
jennie,广东,渐 落忆京,今天19:08,iPhone客户端
jennie,北京,超话 日记本 拼车 有没有 上车 宝子 国内 邮非 偏元,今天19:22,JENNIE超话
jennie,北京,墨家 零售商 超话 新 周边 拼拼,今天19:21,墨家零售商超话
jennie,北京,超话 卡册 拼拼 包 国际 各鱼,今天19:20,JENNIE超话
jennie,北京,超话 快来 投票 剩 今明两天 投票 流程 非常简单 教,今天19:19,iPhone客户端
jennie,北京,妮妮 同款 德训 鞋 黑心 拥有 一款 联名 实在 太 好看 马毛 很 特别 质感 黑白 配色 经典 好 搭 翻盖 鞋舌 毫无 抵抗力 脚感 挺不错 码子 正 不 偏美到 穿 上 不想 脱,今天19:16,首单有礼★iPhone 13
jennie,北京,超话 金 珍妮 金智妮 超话 金 珍妮 金 珍妮 可爱 本体 超话 金 珍妮,今天19:16,JENNIE超话
jennie,北京,妮妮 专辑 出 买 专辑 先买 周边 家 超话,今天19:15,JENNIE超话
jennie,北京,超话 几天 真的 幸福 死 女永一,今天19:12,JENNIE超话
jennie,北京,超话 新 周边 余量 帽子 卡卡 册卡 两张 国内 邮费 非偏,今天19:10,JENNIE超话
jennie,北京,渐 落忆京,今天19:08,iPhone客户端
blackpink,广东,超话 全世界 安利 资讯 相关 内容 韩网 消息 出演 音乐 综艺 拍摄 还 未 确认 出演 特别 舞台 中 一档 现场 音乐 综艺 包括 访谈 表演 类似 兔子 头 工作室 工作室 猫 脸 工作室 工作室 官方 官方 松鼠 团队 团队 梨 团队 团队 招新 微博 正文 资源,今天14:56,BLACKPINK超话
blackpink,广东,理解 改写 后 内容 八周年 直播 全员 素颜 出镜,今天14:46,微博网页版
blackpink,广东,看 成员 身材 女永一 金智秀 朴彩英 网友 神评 金智秀 马甲 线好 漂亮,今天14:37,华为手机
blackpink,广东,超话 年 里 提起 最 激动,今天14:36,BLACKPINK超话
blackpink,广东,虚假 概念 旷野 概念,今天14:25,
blackpink,广东,超话 恭喜 肉肉据 早期 预测 下周 排名 回升 名,今天14:24,BLACKPINK超话
blackpink,广东,投给,今天14:16,iPhone
blackpink,广东,朴彩英 出演 李泳知 综艺 朴彩英 出演 李泳知 综艺 彩英 出演 李泳知 组合 成员 回国 开启 国内 活动 第一个 行程 选择 综艺节目 接下来 出演 李泳知 日据 采访 已 出演 李泳知 简称 特别 舞台 继日 结束 录制 后 音乐 舞台 大众 沟通 录制 还 展现 舞台 故事 备受 关注 本月 日 结束 美国 音乐 制作 活动 回到 韩国 国内 粉丝 见面 展开 全方位 日程安排 有小彩 事业心 做 都 会 成功,今天14:16,vivo Y78
blackpink,广东,朴彩英 出演 李泳知 节目 成员 出演 李泳知 彩虹 特别 舞台 节目 还 录制,今天14:08,微博网页版
blackpink,北京,超话 全世界 安利 资讯 相关 内容 韩网 消息 出演 音乐 综艺 拍摄 还 未 确认 出演 特别 舞台 中 一档 现场 音乐 综艺 包括 访谈 表演 类似 兔子 头 工作室 工作室 猫 脸 工作室 工作室 官方 官方 松鼠 团队 团队 梨 团队 团队 招新 微博 正文 资源,今天14:56,BLACKPINK超话
blackpink,北京,理解 改写 后 内容 八周年 直播 全员 素颜 出镜,今天14:46,微博网页版
blackpink,北京,看 成员 身材 女永一 金智秀 朴彩英 网友 神评 金智秀 马甲 线好 漂亮,今天14:37,华为手机
blackpink,北京,超话 年 里 提起 最 激动,今天14:36,BLACKPINK超话
blackpink,北京,虚假 概念 旷野 概念,今天14:25,
blackpink,北京,超话 恭喜 肉肉据 早期 预测 下周 排名 回升 名,今天14:24,BLACKPINK超话
blackpink,北京,投给,今天14:16,iPhone
blackpink,北京,朴彩英 出演 李泳知 综艺 朴彩英 出演 李泳知 综艺 彩英 出演 李泳知 组合 成员 回国 开启 国内 活动 第一个 行程 选择 综艺节目 接下来 出演 李泳知 日据 采访 已 出演 李泳知 简称 特别 舞台 继日 结束 录制 后 音乐 舞台 大众 沟通 录制 还 展现 舞台 故事 备受 关注 本月 日 结束 美国 音乐 制作 活动 回到 韩国 国内 粉丝 见面 展开 全方位 日程安排 有小彩 事业心 做 都 会 成功,今天14:16,vivo Y78
blackpink,北京,朴彩英 出演 李泳知 节目 成员 出演 李泳知 彩虹 特别 舞台 节目 还 录制,今天14:08,微博网页版
jennie,广东,超话 超话 官 周代 挂钩 链接 见评 平台 偶像 便利店 圆 图钉 白色 黑色 短袖 小卡 汽车 包邮限狗 脸圆 图钉 小卡 套装 汽车 限狗 脸圆 图钉 运动 抽绳 包 汽车 包邮限狗 脸圆 图钉 棒球帽 汽车 包邮限狗 脸 分割线 圆 图钉 棒球帽 小卡 套装 汽车 包邮限狗 脸白 黑色 短袖 汽车 包邮限狗 脸圆 图钉 仿领 汽车 包邮限狗 脸圆 图钉 领带 汽车 包邮限狗 脸圆 图钉 汽车 限狗 脸圆 图钉 汽车 限狗 脸 线圈 日历 截止 时间 售罄 截止 警车 灯请 区分 链接 请 谨慎 仔细 下单 疑问 评论 咨询 发货 售后 相关 请 咨询 官网 客服,今天19:08,BLACKPINK超话
jennie,广东,妮妮 小卖部 超话 出 电影 卡包,今天19:05,妮妮的小卖部超话
jennie,广东,欣欣,今天19:04,iPhone 7 Plus
jennie,广东,超话 拼 余量,今天19:02,JENNIE超话
jennie,广东,袁一琦 超话 蓝心 袁一琦是 懂 人情世故 蓝心 袁一琦 跳 新歌 枫叶 风拂起 掉落 入眼 眉眼 带笑 秋冬 温柔 浪漫 集齐 一身 袁一琦,今天19:01,袁一琦超话
jennie,广东,小羊 爱 美女,今天19:00,iPhone客户端
jennie,广东,超话 红心 出 道 六周年 毛茸茸 外套 冬日 温暖 怀抱 大雪 里 避风港 余生 牵手 意中人,今天19:00,JENNIE超话
jennie,广东,超话 全世界 安利 更新 相关 兔子 头 工作室 工作室 猫 脸 工作室 工作室 官方 官方 松鼠 团队 团队 梨 团队 团队 招新 微博 正文 资源 微博 视频,今天18:59,BLACKPINK超话
jennie,广东,超话 全世界 安利 更新 相关 照片 兔子 头 工作室 工作室 猫 脸 工作室 工作室 官方 官方 松鼠 团队 团队 梨 团队 团队 招新 微博 正文 资源,今天18:58,BLACKPINK超话
jennie,广东,爱人 小孩 微博 视频,今天18:57,JENNIE超话
jennie,北京,超话 超话 官 周代 挂钩 链接 见评 平台 偶像 便利店 圆 图钉 白色 黑色 短袖 小卡 汽车 包邮限狗 脸圆 图钉 小卡 套装 汽车 限狗 脸圆 图钉 运动 抽绳 包 汽车 包邮限狗 脸圆 图钉 棒球帽 汽车 包邮限狗 脸 分割线 圆 图钉 棒球帽 小卡 套装 汽车 包邮限狗 脸白 黑色 短袖 汽车 包邮限狗 脸圆 图钉 仿领 汽车 包邮限狗 脸圆 图钉 领带 汽车 包邮限狗 脸圆 图钉 汽车 限狗 脸圆 图钉 汽车 限狗 脸 线圈 日历 截止 时间 售罄 截止 警车 灯请 区分 链接 请 谨慎 仔细 下单 疑问 评论 咨询 发货 售后 相关 请 咨询 官网 客服,今天19:08,BLACKPINK超话
jennie,北京,妮妮 小卖部 超话 出 电影 卡包,今天19:05,妮妮的小卖部超话
jennie,北京,欣欣,今天19:04,iPhone 7 Plus
jennie,北京,超话 拼 余量,今天19:02,JENNIE超话
jennie,北京,袁一琦 超话 蓝心 袁一琦是 懂 人情世故 蓝心 袁一琦 跳 新歌 枫叶 风拂起 掉落 入眼 眉眼 带笑 秋冬 温柔 浪漫 集齐 一身 袁一琦,今天19:01,袁一琦超话
jennie,北京,小羊 爱 美女,今天19:00,iPhone客户端
jennie,北京,超话 红心 出 道 六周年 毛茸茸 外套 冬日 温暖 怀抱 大雪 里 避风港 余生 牵手 意中人,今天19:00,JENNIE超话
jennie,北京,超话 全世界 安利 更新 相关 兔子 头 工作室 工作室 猫 脸 工作室 工作室 官方 官方 松鼠 团队 团队 梨 团队 团队 招新 微博 正文 资源 微博 视频,今天18:59,BLACKPINK超话
jennie,北京,超话 全世界 安利 更新 相关 照片 兔子 头 工作室 工作室 猫 脸 工作室 工作室 官方 官方 松鼠 团队 团队 梨 团队 团队 招新 微博 正文 资源,今天18:58,BLACKPINK超话
jennie,北京,爱人 小孩 微博 视频,今天18:57,JENNIE超话
blackpink,广东,染发 双眼皮 改变 气质 朴彩英 低调 惊艳 不用 做过 加法 思路 正确 美丽 蜕变 后续 分享 更 多变 美 案例 朴彩英 娱乐圈 韩国 炫妆小 日记 微博 视频,今天13:58,vivo智能手机
blackpink,广东,超话 祖师 奶年 后 归来 仍 顶流 师姐 还 站 山顶 创造 一个 一个 记录 会 迎来 时代 生气 恶魔 生气 恶魔,今天13:57,babymonster超话
blackpink,广东,虚假 概念 概念,今天13:51,Android
blackpink,广东,展开 全方位 日程 超越 组合 成就 两个 明明 一段 没人 搬,今天13:50,
blackpink,广东,朴彩英 完美 宠饭 火上 之心 朴彩 英女 消息 超话 消息 彩英 出演 李泳知 组合 成员 回国 开启 国内 活动 第一个 行程 选择 综艺节目 接下来 出演 李泳知 日据 采访 已 出演 李泳知 简称 特别 舞台 继日 结束 录制 后 音乐 舞台 大众 沟通 录制 还 展现 舞台 故事 备受 关注 本月 日 结束 美国 音乐 制作 活动 回到 韩国 国内 粉丝 见面 展开 全方位 日程安排,今天13:47,ROSÉ超话
blackpink,广东,报道 成员 回国 国内 活动 选择 综艺节目 首个 行程 出演 李泳知 日 报道 已 确认 出演 李泳知 正 特别 舞台 哇哇 活动 一个个 来袭,今天13:44,
blackpink,广东,朴彩英 出演 李泳知 综艺 朴彩英 出演 李泳知 综艺 朴彩英 出演 李泳知 综艺 成员 回到 韩国 国内 活动 接下来 出演 李泳知 日据 采访 已 出演 李泳知 简称 特别 舞台 继日 结束 录制 后 中 展现 音乐 舞台 大众 沟通 录制 还 展现 舞台 故事 备受 关注 本月 日 结束 美国 音乐 制作 活动 回到 韩国 国内 粉丝 见面 展开 全方位 日程安排 朴彩 英超 话,今天13:43,朴彩英超话
blackpink,广东,组合 成员 回国 国内 活动 第一个 行程 选择 综艺节目 接下来 出演 李英智 日据 采访 已 出演 李英智 简称 特别 舞台 继日 结束 录制 后 音乐 舞台 大众 沟通 录制 还 展现 舞台 故事 备受 关注 本月 日 结束 美国 音乐 制作 活动 回到 韩国 国内 粉丝 见面 展开 全方位 日程安排 流行 歌星 布鲁诺 马斯 演唱 公寓 登上 热门 第位 女歌手 中 占据 位置 超越 组合 成绩 堂堂正正 登上 女歌手 都 触及 位置 单曲 第位 创造 纪录 成绩 足足 名次 成果 更有意义 融入 公寓 独有 感性 创意 全球 票房 始于 韩国 游戏 文化 公寓 证明 特别 资本 能力 世界 音乐迷 疯狂 事实 专家 分析 说 合作 布鲁诺 马尔斯 助 一臂之力 此次 公寓 热烈 源于 创意,今天13:42,微博网页版
blackpink,广东,音源 日榜 超话,今天13:34,BLACKPINK超话
blackpink,广东,音源 日榜 奖杯 奖杯 奖杯 超话,今天13:33,BLACKPINK超话
blackpink,北京,染发 双眼皮 改变 气质 朴彩英 低调 惊艳 不用 做过 加法 思路 正确 美丽 蜕变 后续 分享 更 多变 美 案例 朴彩英 娱乐圈 韩国 炫妆小 日记 微博 视频,今天13:58,vivo智能手机
blackpink,北京,超话 祖师 奶年 后 归来 仍 顶流 师姐 还 站 山顶 创造 一个 一个 记录 会 迎来 时代 生气 恶魔 生气 恶魔,今天13:57,babymonster超话
blackpink,北京,虚假 概念 概念,今天13:51,Android
blackpink,北京,展开 全方位 日程 超越 组合 成就 两个 明明 一段 没人 搬,今天13:50,
blackpink,北京,朴彩英 完美 宠饭 火上 之心 朴彩 英女 消息 超话 消息 彩英 出演 李泳知 组合 成员 回国 开启 国内 活动 第一个 行程 选择 综艺节目 接下来 出演 李泳知 日据 采访 已 出演 李泳知 简称 特别 舞台 继日 结束 录制 后 音乐 舞台 大众 沟通 录制 还 展现 舞台 故事 备受 关注 本月 日 结束 美国 音乐 制作 活动 回到 韩国 国内 粉丝 见面 展开 全方位 日程安排,今天13:47,ROSÉ超话
blackpink,北京,报道 成员 回国 国内 活动 选择 综艺节目 首个 行程 出演 李泳知 日 报道 已 确认 出演 李泳知 正 特别 舞台 哇哇 活动 一个个 来袭,今天13:44,
blackpink,北京,朴彩英 出演 李泳知 综艺 朴彩英 出演 李泳知 综艺 朴彩英 出演 李泳知 综艺 成员 回到 韩国 国内 活动 接下来 出演 李泳知 日据 采访 已 出演 李泳知 简称 特别 舞台 继日 结束 录制 后 中 展现 音乐 舞台 大众 沟通 录制 还 展现 舞台 故事 备受 关注 本月 日 结束 美国 音乐 制作 活动 回到 韩国 国内 粉丝 见面 展开 全方位 日程安排 朴彩 英超 话,今天13:43,朴彩英超话
blackpink,北京,组合 成员 回国 国内 活动 第一个 行程 选择 综艺节目 接下来 出演 李英智 日据 采访 已 出演 李英智 简称 特别 舞台 继日 结束 录制 后 音乐 舞台 大众 沟通 录制 还 展现 舞台 故事 备受 关注 本月 日 结束 美国 音乐 制作 活动 回到 韩国 国内 粉丝 见面 展开 全方位 日程安排 流行 歌星 布鲁诺 马斯 演唱 公寓 登上 热门 第位 女歌手 中 占据 位置 超越 组合 成绩 堂堂正正 登上 女歌手 都 触及 位置 单曲 第位 创造 纪录 成绩 足足 名次 成果 更有意义 融入 公寓 独有 感性 创意 全球 票房 始于 韩国 游戏 文化 公寓 证明 特别 资本 能力 世界 音乐迷 疯狂 事实 专家 分析 说 合作 布鲁诺 马尔斯 助 一臂之力 此次 公寓 热烈 源于 创意,今天13:42,微博网页版
blackpink,北京,音源 日榜 超话,今天13:34,BLACKPINK超话
blackpink,北京,音源 日榜 奖杯 奖杯 奖杯 超话,今天13:33,BLACKPINK超话
jennie,广东,超话 关注 超话 第天 希望 伴 一路 前行,今天18:56,JENNIE超话
jennie,广东,超话 全世界 安利 更新 相关 雅加达 粉丝 见面会 倒计时 兔子 头 工作室 工作室 猫 脸 工作室 工作室 官方 官方 松鼠 团队 团队 梨 团队 团队 招新 微博 正文 资源,今天18:54,BLACKPINK超话
jennie,广东,袁一琦 跳 新歌 袁一琦是 懂 人情世故 新浪 娱乐 原创 工作室 音乐 听 袁一琦 花絮 上线 现场 清唱 朋友 在线 打假 问及 感谢 对象 回答 主打 一个 人情世故 元气 弹丝 芭 传媒 新浪 微博 挑战 新 歌 手势 舞 即兴 教学 直呼 太难 元气 弹 一琦 这份 作业 成品 音乐 听 新浪 音乐 微博 视频,今天18:54,Android
jennie,广东,风格 照片 好好看 太 喜欢,今天18:53,iPhone 13 Pro
jennie,广东,超话 时尚 穿 搭,今天18:52,JENNIE超话
jennie,广东,超话 更新,今天18:52,JENNIE超话
jennie,广东,超话 抖 音上 分享 美图 脚趾头 都 会 评论 翻白眼 汗 汗 汗,今天18:51,JENNIE超话
jennie,广东,这场 美晕 敢 霓虹 拍 谢谢 一孩 家庭 拯救 一个 考研 人 濒临 崩溃,今天18:50,iPhone 15
jennie,北京,超话 关注 超话 第天 希望 伴 一路 前行,今天18:56,JENNIE超话
jennie,北京,超话 全世界 安利 更新 相关 雅加达 粉丝 见面会 倒计时 兔子 头 工作室 工作室 猫 脸 工作室 工作室 官方 官方 松鼠 团队 团队 梨 团队 团队 招新 微博 正文 资源,今天18:54,BLACKPINK超话
jennie,北京,袁一琦 跳 新歌 袁一琦是 懂 人情世故 新浪 娱乐 原创 工作室 音乐 听 袁一琦 花絮 上线 现场 清唱 朋友 在线 打假 问及 感谢 对象 回答 主打 一个 人情世故 元气 弹丝 芭 传媒 新浪 微博 挑战 新 歌 手势 舞 即兴 教学 直呼 太难 元气 弹 一琦 这份 作业 成品 音乐 听 新浪 音乐 微博 视频,今天18:54,Android
jennie,北京,风格 照片 好好看 太 喜欢,今天18:53,iPhone 13 Pro
jennie,北京,超话 时尚 穿 搭,今天18:52,JENNIE超话
jennie,北京,超话 更新,今天18:52,JENNIE超话
jennie,北京,超话 抖 音上 分享 美图 脚趾头 都 会 评论 翻白眼 汗 汗 汗,今天18:51,JENNIE超话
jennie,北京,这场 美晕 敢 霓虹 拍 谢谢 一孩 家庭 拯救 一个 考研 人 濒临 崩溃,今天18:50,iPhone 15
blackpink,广东,少女时代 一代代 掀起 天花板 流量 顶 流团 随便 都 王炸 大多 娱乐 公司 旗下 艺人 不得不 公布 一个 重磅 消息 红色 感叹号 本次 绘声 拿下 中国 大陆 地区 首家 官方 授权 带 一场 激动人心 韩流 体验 成立 年 成立 引领 诞生 进化 树立 亚洲 娱乐 行业 里程碑 跟大有 关系 娱乐 公司 偶像 培训中心 娱乐 公司 模特 经纪 公司 合资 设立 年初 正式 启用 中心 设有 声乐 舞蹈 表演 模特 音乐 制作 人 五个 专业 方向 学生 艺术 领域 需求 项目 说 娱乐 钟路 学院 强强联合 引领 未来 娱乐 产业 提供 人才培养 课程 一流 艺术 教育 机构 蓝色 圆加 详细 咨询 右斜 放大镜 娱乐 公司 绘声 音乐学 留学,今天12:59,微博网页版
blackpink,广东,超话 胜利 手势 较浅 肤色 胜利 手势 较浅 肤色,今天12:56,BLACKPINK超话
blackpink,广东,很 庆幸 炽热 青春 里 遇见 朴彩英 金智秀 金 珍妮,今天12:53,OPPO A2 5G
blackpink,广东,創下 年 來 新紀錄 播放 突破 億次 聚会 笑脸,今天12:47,星辰作伴
blackpink,广东,超话 全世界 安利 更新 相关 照片 兔子 头 工作室 工作室 猫 脸 工作室 工作室 官方 官方 松鼠 团队 团队 梨 团队 团队 招新 微博 正文 资源,今天12:35,BLACKPINK超话
blackpink,广东,超话 全世界 安利 更新 两则 兔子 头 工作室 工作室 猫 脸 工作室 工作室 官方 官方 松鼠 团队 团队 梨 团队 团队 招新 微博 正文 资源,今天12:33,BLACKPINK超话
blackpink,广东,回归 预告 流出,今天12:01,
blackpink,北京,少女时代 一代代 掀起 天花板 流量 顶 流团 随便 都 王炸 大多 娱乐 公司 旗下 艺人 不得不 公布 一个 重磅 消息 红色 感叹号 本次 绘声 拿下 中国 大陆 地区 首家 官方 授权 带 一场 激动人心 韩流 体验 成立 年 成立 引领 诞生 进化 树立 亚洲 娱乐 行业 里程碑 跟大有 关系 娱乐 公司 偶像 培训中心 娱乐 公司 模特 经纪 公司 合资 设立 年初 正式 启用 中心 设有 声乐 舞蹈 表演 模特 音乐 制作 人 五个 专业 方向 学生 艺术 领域 需求 项目 说 娱乐 钟路 学院 强强联合 引领 未来 娱乐 产业 提供 人才培养 课程 一流 艺术 教育 机构 蓝色 圆加 详细 咨询 右斜 放大镜 娱乐 公司 绘声 音乐学 留学,今天12:59,微博网页版
blackpink,北京,超话 胜利 手势 较浅 肤色 胜利 手势 较浅 肤色,今天12:56,BLACKPINK超话
blackpink,北京,很 庆幸 炽热 青春 里 遇见 朴彩英 金智秀 金 珍妮,今天12:53,OPPO A2 5G
blackpink,北京,創下 年 來 新紀錄 播放 突破 億次 聚会 笑脸,今天12:47,星辰作伴
blackpink,北京,超话 全世界 安利 更新 相关 照片 兔子 头 工作室 工作室 猫 脸 工作室 工作室 官方 官方 松鼠 团队 团队 梨 团队 团队 招新 微博 正文 资源,今天12:35,BLACKPINK超话
blackpink,北京,超话 全世界 安利 更新 两则 兔子 头 工作室 工作室 猫 脸 工作室 工作室 官方 官方 松鼠 团队 团队 梨 团队 团队 招新 微博 正文 资源,今天12:33,BLACKPINK超话
blackpink,北京,回归 预告 流出,今天12:01,
jennie,广东,袁一琦 跳 新歌 袁一琦是 懂 人情世故 豹子 豹子,今天18:49,Xiaomi Pad 6S Pro
jennie,广东,复制 打开 抖音 作品 时光 落落 为安 只记 欢喜 不记 忧致 生活 学会 网页 链接 抖音 互粉 互赞 超话 抖 音互 赞抖 音互粉 超话,今天18:49,抖音互粉互赞超话
jennie,广东,从未 提及 肩膀 天生 直角,今天18:46,微博网页版
jennie,广东,女永一,今天18:44,小米手机
jennie,广东,厌世 高级 奶凶感 审美 提升 称为 人间 香奈儿 既有 小孩子 般的 幼态 软萌 不带 威慑力 凶 浅 分析 面部 特征 反手 食指 向下 指 较浅 肤色 星星 奶 是因为 小短 鼻短 下巴 脸小而肉 软组织 却 饱满 一点 突起 骨骼 感 幼态 感 组成部分 还 没 发育 完整 幼儿 星星 凶 特征 人 看起来 强势 不好惹 自带 侵略性 细而上 挑 眼型 慵懒 魅惑 眼神 再 加上 瞳孔 偏上 很 下三白 人 感觉 显凶 眼尾 吊起 下三白 幼态 脸 标配 短 下巴 成就 整体 凶中 带奶 猫咪 气质 一种 反差 萌 不 审美 中 尖 下巴 瓜子脸 美女 吃 颜 人 却 越来越,今天18:42,
jennie,广东,双十 一狂 屯杯 挪瓦 咖啡 热饮 年末 突击 减肥 运动 加黑 咖啡 安排 上 元旦 前 瘦 挪瓦 咖啡 吴艳妮 挪瓦 咖啡 挪瓦 咖啡 吴艳妮 超话 减肥 咖啡,今天18:39,吴艳妮超话
jennie,广东,超话 香高定 大秀 杭州 小道消息 妮会 去,今天18:38,JENNIE超话
jennie,广东,超话 真的 小宝宝,今天18:38,JENNIE超话
jennie,广东,超话 饺子,今天18:37,JENNIE超话
jennie,广东,超话 好乖,今天18:36,JENNIE超话
jennie,北京,袁一琦 跳 新歌 袁一琦是 懂 人情世故 豹子 豹子,今天18:49,Xiaomi Pad 6S Pro
jennie,北京,复制 打开 抖音 作品 时光 落落 为安 只记 欢喜 不记 忧致 生活 学会 网页 链接 抖音 互粉 互赞 超话 抖 音互 赞抖 音互粉 超话,今天18:49,抖音互粉互赞超话
jennie,北京,从未 提及 肩膀 天生 直角,今天18:46,微博网页版
jennie,北京,女永一,今天18:44,小米手机
jennie,北京,厌世 高级 奶凶感 审美 提升 称为 人间 香奈儿 既有 小孩子 般的 幼态 软萌 不带 威慑力 凶 浅 分析 面部 特征 反手 食指 向下 指 较浅 肤色 星星 奶 是因为 小短 鼻短 下巴 脸小而肉 软组织 却 饱满 一点 突起 骨骼 感 幼态 感 组成部分 还 没 发育 完整 幼儿 星星 凶 特征 人 看起来 强势 不好惹 自带 侵略性 细而上 挑 眼型 慵懒 魅惑 眼神 再 加上 瞳孔 偏上 很 下三白 人 感觉 显凶 眼尾 吊起 下三白 幼态 脸 标配 短 下巴 成就 整体 凶中 带奶 猫咪 气质 一种 反差 萌 不 审美 中 尖 下巴 瓜子脸 美女 吃 颜 人 却 越来越,今天18:42,
jennie,北京,双十 一狂 屯杯 挪瓦 咖啡 热饮 年末 突击 减肥 运动 加黑 咖啡 安排 上 元旦 前 瘦 挪瓦 咖啡 吴艳妮 挪瓦 咖啡 挪瓦 咖啡 吴艳妮 超话 减肥 咖啡,今天18:39,吴艳妮超话
jennie,北京,超话 香高定 大秀 杭州 小道消息 妮会 去,今天18:38,JENNIE超话
jennie,北京,超话 真的 小宝宝,今天18:38,JENNIE超话
jennie,北京,超话 饺子,今天18:37,JENNIE超话
jennie,北京,超话 好乖,今天18:36,JENNIE超话
blackpink,广东,周边 中转站 出生 日带 卡 全套 特典 卡面 如图 整套 全新 无暇 仅 拆,今天11:46,iPhone客户端
blackpink,广东,沈小婷 蔡冰 表演 出 差错 宣美 表情 令人 玩味 明星 娱乐 榜单 微博 视频,今天11:43,微博视频号
blackpink,广东,超话 松鼠 朴彩 英彩英 更新,今天11:41,BLACKPINK超话
blackpink,广东,更新 照片 超话 超话 注 作品 出自,今天11:33,ROSÉ超话
blackpink,广东,朴彩 英超 绝 忙 内 老 母亲 落泪 微博 计划 常炳禄 工作室 微博 视频,今天11:33,微博视频号
blackpink,广东,超话 南昌 梦田 音乐 南昌 八一 公园 店 小小的 微博 视频,今天11:31,BLACKPINK超话
blackpink,广东,韩娱 跳蚤市场 超话 出 杂志,今天11:19,韩娱跳蚤市场超话
blackpink,广东,超话 全世界 安利 更新 相关 兔子 头 工作室 工作室 猫 脸 工作室 工作室 官方 官方 松鼠 团队 团队 梨 团队 团队 招新 微博 正文 资源,今天11:06,BLACKPINK超话
blackpink,广东,超话 全世界 安利 资讯 相关 韩网 新闻 女子 组合 成员 出演 日 独家 采访 结果显示 参与 日 录制 第一个 出演 成员 迎来 出道 年 回顾 期间 活动 瞬间 刘 石 曹世镐 聊起 故事 特别 上个月 日 流行 歌手 演唱 合唱曲 抓住 全球 音乐 市场 全世界 粉丝 出演 期待 感 高涨 实际上 公开 天后 点击率 突破 亿次 时隔 年 独唱 艺人 最短 纪录 主人公 兔子 头 工作室 工作室 猫 脸 工作室 工作室 官方 官方 松鼠 团队 团队 梨 团队 团队 招新 微博 正文 资源,今天10:58,BLACKPINK超话
